[{"referenceId":"9a06a76e-2408-4eb7-853a-b87e9a8265d2","referenceType":"CUSTOMER_GUID","sourceSystem":"ITW_CDS_SSO_WEB_PORTAL-ACCOUNT_MANAGEMENT_CENTER","sourceSystemVersion":null,"platformId":"ACCOUNT_MANAGEMENT_CENTER","actorId":null,"userAgent":"Mozilla/5.0 (Windows NT 10.0; Win64; x64) AppleWebKit/537.36 (KHTML, like Gecko) Chrome/137.0.0.0 Safari/537.36","locale":"en-US","locationCountry":"IL","eventDateTime":"2025-06-18T14:34:24.328Z","eventType":"IT_SSO_PORTAL_LOGIN","eventData":{},"testMode":false,"receivedDate":null},{"referenceId":"9a06a76e-2408-4eb7-853a-b87e9a8265d2","referenceType":"CUSTOMER_GUID","sourceSystem":"Connect API Component B","sourceSystemVersion":"UNKNOWN","platformId":"GARMIN_CONNECT","actorId":null,"userAgent":"GC-API:pl-activityupload038","locale":"en-IL","locationCountry":"IL","eventDateTime":"2025-06-08T16:22:39Z","eventType":"CONNECT_HYDRATION","eventData":{"COMPLETION_STATUS":"RECEIVED","EVENT_ACTION":"UPDATED","EVENT_SOURCE":"PUT /usersummary-service/usersummary/hydration/log"},"testMode":false,"receivedDate":null},{"referenceId":"9a06a76e-2408-4eb7-853a-b87e9a8265d2","referenceType":"CUSTOMER_GUID","sourceSystem":"Garmin Connect Web","sourceSystemVersion":"5.13.1.4","platformId":"GARMIN_CONNECT","actorId":null,"userAgent":"Mozilla/5.0 (Windows NT 10.0; Win64; x64) AppleWebKit/537.36 (KHTML, like Gecko) Chrome/136.0.0.0 Safari/537.36","locale":"en-US","locationCountry":"IL","eventDateTime":"2025-05-31T18:52:21Z","eventType":"CONNECT_USER_PREFERENCE","eventData":{"COMPLETION_STATUS":"RECEIVED","EVENT_ACTION":"OPTED_IN","EVENT_SOURCE":"PUT /userpreference-service/MainNavigation.collapsed","X-actor":"USER","preferenceKey":"MainNavigation.collapsed","preferenceValue":"true"},"testMode":false,"receivedDate":null},{"referenceId":"9a06a76e-2408-4eb7-853a-b87e9a8265d2","referenceType":"CUSTOMER_GUID","sourceSystem":"ITW_CDS_SSO_WEB_PORTAL-GarminConnect","sourceSystemVersion":null,"platformId":"GarminConnect","actorId":null,"userAgent":"Mozilla/5.0 (Windows NT 10.0; Win64; x64) AppleWebKit/537.36 (KHTML, like Gecko) Chrome/136.0.0.0 Safari/537.36","locale":"en-US","locationCountry":"IL","eventDateTime":"2025-05-31T18:52:17.761Z","eventType":"IT_SSO_PORTAL_LOGIN","eventData":{},"testMode":false,"receivedDate":null},{"referenceId":"9a06a76e-2408-4eb7-853a-b87e9a8265d2","referenceType":"CUSTOMER_GUID","sourceSystem":"Connect API Component B","sourceSystemVersion":"UNKNOWN","platformId":"GARMIN_CONNECT","actorId":null,"userAgent":"GC-API:pl-activityupload025","locale":"en-IL","locationCountry":"IL","eventDateTime":"2025-05-18T15:21:47Z","eventType":"CONNECT_HYDRATION","eventData":{"COMPLETION_STATUS":"RECEIVED","EVENT_ACTION":"UPDATED","EVENT_SOURCE":"PUT /usersummary-service/usersummary/hydration/log"},"testMode":false,"receivedDate":null},{"referenceId":"9a06a76e-2408-4eb7-853a-b87e9a8265d2","referenceType":"CUSTOMER_GUID","sourceSystem":"Connect API Component B","sourceSystemVersion":"UNKNOWN","platformId":"GARMIN_CONNECT","actorId":null,"userAgent":"GC-API:pl-activityupload044","locale":"en-IL","locationCountry":"IL","eventDateTime":"2025-05-18T15:21:41Z","eventType":"CONNECT_HYDRATION","eventData":{"COMPLETION_STATUS":"RECEIVED","EVENT_ACTION":"UPDATED","EVENT_SOURCE":"PUT /usersummary-service/usersummary/hydration/log"},"testMode":false,"receivedDate":null},{"referenceId":"9a06a76e-2408-4eb7-853a-b87e9a8265d2","referenceType":"CUSTOMER_GUID","sourceSystem":"Garmin Connect Web","sourceSystemVersion":"5.12.2.1","platformId":"GARMIN_CONNECT","actorId":null,"userAgent":"Mozilla/5.0 (Windows NT 10.0; Win64; x64) AppleWebKit/537.36 (KHTML, like Gecko) Chrome/136.0.0.0 Safari/537.36","locale":"en-US","locationCountry":"IL","eventDateTime":"2025-05-14T15:55:57Z","eventType":"CONNECT_USER_PREFERENCE","eventData":{"COMPLETION_STATUS":"RECEIVED","EVENT_ACTION":"OPTED_IN","EVENT_SOURCE":"PUT /userpreference-service/MainNavigation.collapsed","X-actor":"USER","preferenceKey":"MainNavigation.collapsed","preferenceValue":"true"},"testMode":false,"receivedDate":null},{"referenceId":"9a06a76e-2408-4eb7-853a-b87e9a8265d2","referenceType":"CUSTOMER_GUID","sourceSystem":"ITW_CDS_SSO_WEB_PORTAL-GarminConnect","sourceSystemVersion":null,"platformId":"GarminConnect","actorId":null,"userAgent":"Mozilla/5.0 (Windows NT 10.0; Win64; x64) AppleWebKit/537.36 (KHTML, like Gecko) Chrome/136.0.0.0 Safari/537.36","locale":"en-US","locationCountry":"IL","eventDateTime":"2025-05-14T15:55:27.947Z","eventType":"IT_SSO_PORTAL_LOGIN","eventData":{},"testMode":false,"receivedDate":null},{"referenceId":"9a06a76e-2408-4eb7-853a-b87e9a8265d2","referenceType":"CUSTOMER_GUID","sourceSystem":"Connect API Component B","sourceSystemVersion":"UNKNOWN","platformId":"GARMIN_CONNECT","actorId":null,"userAgent":"GC-API:pl-activityupload017","locale":"en-IL","locationCountry":"IL","eventDateTime":"2025-05-13T22:44:15Z","eventType":"CONNECT_HYDRATION","eventData":{"COMPLETION_STATUS":"RECEIVED","EVENT_ACTION":"UPDATED","EVENT_SOURCE":"PUT /usersummary-service/usersummary/hydration/log"},"testMode":false,"receivedDate":null},{"referenceId":"9a06a76e-2408-4eb7-853a-b87e9a8265d2","referenceType":"CUSTOMER_GUID","sourceSystem":"GCM iOS","sourceSystemVersion":"5.12","platformId":"GARMIN_CONNECT","actorId":null,"userAgent":"GCM-iOS-5.12.24","locale":"en-IL","locationCountry":"IL","eventDateTime":"2025-05-11T17:15:39Z","eventType":"CONNECT_PROFILE_WEIGHT","eventData":{"COMPLETION_STATUS":"RECEIVED","EVENT_ACTION":"UPDATED","EVENT_SOURCE":"PUT /userprofile-service/userprofile/user-settings"},"testMode":false,"receivedDate":null},{"referenceId":"9a06a76e-2408-4eb7-853a-b87e9a8265d2","referenceType":"CUSTOMER_GUID","sourceSystem":"Connect API Component B","sourceSystemVersion":"UNKNOWN","platformId":"GARMIN_CONNECT","actorId":null,"userAgent":"GC-API:pl-activityupload038","locale":"en-IL","locationCountry":"IL","eventDateTime":"2025-05-11T16:42:04Z","eventType":"CONNECT_HYDRATION","eventData":{"COMPLETION_STATUS":"RECEIVED","EVENT_ACTION":"UPDATED","EVENT_SOURCE":"PUT /usersummary-service/usersummary/hydration/log"},"testMode":false,"receivedDate":null},{"referenceId":"9a06a76e-2408-4eb7-853a-b87e9a8265d2","referenceType":"CUSTOMER_GUID","sourceSystem":"Garmin Connect Web","sourceSystemVersion":"5.12.2.0","platformId":"GARMIN_CONNECT","actorId":null,"userAgent":"Mozilla/5.0 (Windows NT 10.0; Win64; x64) AppleWebKit/537.36 (KHTML, like Gecko) Chrome/136.0.0.0 Safari/537.36","locale":"en-US","locationCountry":"IL","eventDateTime":"2025-05-07T12:44:34Z","eventType":"CONNECT_USER_PREFERENCE","eventData":{"COMPLETION_STATUS":"RECEIVED","EVENT_ACTION":"UPDATED","EVENT_SOURCE":"PUT /userpreference-service/gc5.whatsNew.dismissed.4.76","X-actor":"USER","preferenceKey":"gc5.whatsNew.dismissed.4.76","preferenceValue":"{\"firstCard\":true,\"secondCard\":true,\"thirdCard\":true}"},"testMode":false,"receivedDate":null},{"referenceId":"9a06a76e-2408-4eb7-853a-b87e9a8265d2","referenceType":"CUSTOMER_GUID","sourceSystem":"Garmin Connect Web","sourceSystemVersion":"5.12.2.0","platformId":"GARMIN_CONNECT","actorId":null,"userAgent":"Mozilla/5.0 (Windows NT 10.0; Win64; x64) AppleWebKit/537.36 (KHTML, like Gecko) Chrome/136.0.0.0 Safari/537.36","locale":"en-US","locationCountry":"IL","eventDateTime":"2025-05-07T12:44:33Z","eventType":"CONNECT_USER_PREFERENCE","eventData":{"COMPLETION_STATUS":"RECEIVED","EVENT_ACTION":"OPTED_IN","EVENT_SOURCE":"PUT /userpreference-service/mct.banner.displayed","X-actor":"USER","preferenceKey":"mct.banner.displayed","preferenceValue":"true"},"testMode":false,"receivedDate":null},{"referenceId":"9a06a76e-2408-4eb7-853a-b87e9a8265d2","referenceType":"CUSTOMER_GUID","sourceSystem":"ITW_CDS_SSO_WEB_PORTAL-GarminConnect","sourceSystemVersion":null,"platformId":"GarminConnect","actorId":null,"userAgent":"Mozilla/5.0 (Windows NT 10.0; Win64; x64) AppleWebKit/537.36 (KHTML, like Gecko) Chrome/136.0.0.0 Safari/537.36","locale":"en-US","locationCountry":"IL","eventDateTime":"2025-05-07T12:44:28.378Z","eventType":"IT_SSO_PORTAL_LOGIN","eventData":{},"testMode":false,"receivedDate":null},{"referenceId":"9a06a76e-2408-4eb7-853a-b87e9a8265d2","referenceType":"CUSTOMER_GUID","sourceSystem":"GCM iOS","sourceSystemVersion":"5.12","platformId":"GARMIN_CONNECT","actorId":null,"userAgent":"GCM-iOS-5.12.24","locale":"en-IL","locationCountry":"IL","eventDateTime":"2025-05-07T12:39:20Z","eventType":"CONNECT_PRIVACY_SETTINGS","eventData":{"COMPLETION_STATUS":"RECEIVED","EVENT_ACTION":"UPDATED","EVENT_SOURCE":"PUT /privacysettings-service/privacy-settings","request":"{\"wellnessPrivacySettings\":{\"subcategoryPrivacySettings\":[{\"privacySubcategoryType\":\"steps\",\"subcategoryDetails\":{\"accessRule\":\"private\"}}],\"categoryDetails\":{\"categoryAccessRule\":\"private\"}},\"profilePrivacySettings\":{\"subcategoryPrivacySettings\":[{\"subcategoryDetails\":{\"accessRule\":\"private\"},\"privacySubcategoryType\":\"user_profile\"}],\"categoryDetails\":{\"categoryAccessRule\":\"private\"}},\"activityPrivacySettings\":{\"subcategoryPrivacySettings\":[{\"associatedParentActivityTypeIds\":[1],\"privacySubcategoryType\":\"running\",\"subcategoryDetails\":{\"accessRule\":\"private\"}},{\"associatedParentActivityTypeIds\":[2],\"privacySubcategoryType\":\"cycling\",\"subcategoryDetails\":{\"accessRule\":\"private\"}},{\"associatedParentActivityTypeIds\":[9],\"privacySubcategoryType\":\"walking\",\"subcategoryDetails\":{\"accessRule\":\"private\"}},{\"associatedParentActivityTypeIds\":[26],\"privacySubcategoryType\":\"swimming\",\"subcategoryDetails\":{\"accessRule\":\"private\"}},{\"associatedParentActivityTypeIds\":[29],\"privacySubcategoryType\":\"fitness_equipment\",\"subcategoryDetails\":{\"accessRule\":\"private\"}},{\"associatedParentActivityTypeIds\":[89],\"privacySubcategoryType\":\"multi_sport\",\"subcategoryDetails\":{\"accessRule\":\"private\"}},{\"associatedParentActivityTypeIds\":[144],\"privacySubcategoryType\":\"diving\",\"subcategoryDetails\":{\"accessRule\":\"private\"}},{\"associatedParentActivityTypeIds\":[165],\"privacySubcategoryType\":\"winter_sport\",\"subcategoryDetails\":{\"accessRule\":\"private\"}},{\"associatedParentActivityTypeIds\":[3],\"privacySubcategoryType\":\"hiking\",\"subcategoryDetails\":{\"accessRule\":\"private\"}},{\"associatedParentActivityTypeIds\":[4],\"privacySubcategoryType\":\"other\",\"subcategoryDetails\":{\"accessRule\":\"private\"}},{\"associatedParentActivityTypeIds\":[199],\"privacySubcategoryType\":\"para_sports\",\"subcategoryDetails\":{\"accessRule\":\"private\"}},{\"associatedParentActivityTypeIds\":[219],\"privacySubcategoryType\":\"racket_sports\",\"subcategoryDetails\":{\"accessRule\":\"private\"}},{\"associatedParentActivityTypeIds\":[206],\"privacySubcategoryType\":\"team_sports\",\"subcategoryDetails\":{\"accessRule\":\"private\"}},{\"associatedParentActivityTypeIds\":[228],\"privacySubcategoryType\":\"water_sports\",\"subcategoryDetails\":{\"accessRule\":\"private\"}}],\"categoryDetails\":{\"categoryAccessRule\":\"private\"}}}"},"testMode":false,"receivedDate":null},{"referenceId":"9a06a76e-2408-4eb7-853a-b87e9a8265d2","referenceType":"CUSTOMER_GUID","sourceSystem":"GCM iOS","sourceSystemVersion":"5.12","platformId":"GARMIN_CONNECT","actorId":null,"userAgent":"GCM-iOS-5.12.24","locale":"en-IL","locationCountry":"IL","eventDateTime":"2025-05-07T12:36:08Z","eventType":"CONNECT_PRIVACY_SETTINGS","eventData":{"COMPLETION_STATUS":"RECEIVED","EVENT_ACTION":"UPDATED","EVENT_SOURCE":"PUT /privacysettings-service/privacy-settings","request":"{\"wellnessPrivacySettings\":{\"subcategoryPrivacySettings\":[{\"subcategoryDetails\":{\"accessRule\":\"private\"},\"privacySubcategoryType\":\"steps\"}],\"categoryDetails\":{\"categoryAccessRule\":\"private\"}},\"profilePrivacySettings\":{\"subcategoryPrivacySettings\":[{\"subcategoryDetails\":{\"accessRule\":\"private\"},\"privacySubcategoryType\":\"user_profile\"}],\"categoryDetails\":{\"categoryAccessRule\":\"private\"}},\"activityPrivacySettings\":{\"subcategoryPrivacySettings\":[{\"privacySubcategoryType\":\"running\",\"associatedParentActivityTypeIds\":[1],\"subcategoryDetails\":{\"accessRule\":\"private\"}},{\"privacySubcategoryType\":\"cycling\",\"associatedParentActivityTypeIds\":[2],\"subcategoryDetails\":{\"accessRule\":\"private\"}},{\"privacySubcategoryType\":\"walking\",\"associatedParentActivityTypeIds\":[9],\"subcategoryDetails\":{\"accessRule\":\"private\"}},{\"subcategoryDetails\":{\"accessRule\":\"private\"},\"privacySubcategoryType\":\"swimming\",\"associatedParentActivityTypeIds\":[26]},{\"subcategoryDetails\":{\"accessRule\":\"private\"},\"privacySubcategoryType\":\"fitness_equipment\",\"associatedParentActivityTypeIds\":[29]},{\"subcategoryDetails\":{\"accessRule\":\"private\"},\"privacySubcategoryType\":\"multi_sport\",\"associatedParentActivityTypeIds\":[89]},{\"subcategoryDetails\":{\"accessRule\":\"private\"},\"privacySubcategoryType\":\"diving\",\"associatedParentActivityTypeIds\":[144]},{\"subcategoryDetails\":{\"accessRule\":\"private\"},\"privacySubcategoryType\":\"winter_sport\",\"associatedParentActivityTypeIds\":[165]},{\"subcategoryDetails\":{\"accessRule\":\"private\"},\"privacySubcategoryType\":\"hiking\",\"associatedParentActivityTypeIds\":[3]},{\"subcategoryDetails\":{\"accessRule\":\"private\"},\"privacySubcategoryType\":\"other\",\"associatedParentActivityTypeIds\":[4]},{\"subcategoryDetails\":{\"accessRule\":\"private\"},\"privacySubcategoryType\":\"para_sports\",\"associatedParentActivityTypeIds\":[199]},{\"subcategoryDetails\":{\"accessRule\":\"private\"},\"privacySubcategoryType\":\"racket_sports\",\"associatedParentActivityTypeIds\":[219]},{\"subcategoryDetails\":{\"accessRule\":\"private\"},\"privacySubcategoryType\":\"team_sports\",\"associatedParentActivityTypeIds\":[206]},{\"subcategoryDetails\":{\"accessRule\":\"private\"},\"privacySubcategoryType\":\"water_sports\",\"associatedParentActivityTypeIds\":[228]}],\"categoryDetails\":{\"categoryAccessRule\":\"private\"}}}"},"testMode":false,"receivedDate":null},{"referenceId":"9a06a76e-2408-4eb7-853a-b87e9a8265d2","referenceType":"CUSTOMER_GUID","sourceSystem":"GCM iOS","sourceSystemVersion":"5.0","platformId":"GARMIN_CONNECT","actorId":null,"userAgent":"GCM-iOS-5.0.21","locale":"en-IL","locationCountry":"IL","eventDateTime":"2024-04-30T14:32:25Z","eventType":"CONNECT_USER_PREFERENCE","eventData":{"COMPLETION_STATUS":"RECEIVED","EVENT_ACTION":"OPTED_IN","EVENT_SOURCE":"PUT /userpreference-service/AutoSync.OneTimeMessage.dismiss","X-actor":"USER","preferenceKey":"AutoSync.OneTimeMessage.dismiss","preferenceValue":"true"},"testMode":false,"receivedDate":null},{"referenceId":"9a06a76e-2408-4eb7-853a-b87e9a8265d2","referenceType":"CUSTOMER_GUID","sourceSystem":"GCM iOS","sourceSystemVersion":"4.77.1","platformId":"GARMIN_CONNECT","actorId":null,"userAgent":"GCM-iOS-4.77.1.2","locale":"en-IL","locationCountry":"IL","eventDateTime":"2024-04-03T18:16:27Z","eventType":"CONNECT_PROFILE_USE_FIXED_LOCATION","eventData":{"COMPLETION_STATUS":"RECEIVED","EVENT_ACTION":"OPTED_OUT","EVENT_SOURCE":"PUT /userprofile-service/userprofile/user-settings"},"testMode":false,"receivedDate":null},{"referenceId":"9a06a76e-2408-4eb7-853a-b87e9a8265d2","referenceType":"CUSTOMER_GUID","sourceSystem":"GCM iOS","sourceSystemVersion":"4.77.1","platformId":"GARMIN_CONNECT","actorId":null,"userAgent":"GCM-iOS-4.77.1.2","locale":"en-IL","locationCountry":"IL","eventDateTime":"2024-04-03T18:10:54Z","eventType":"CONNECT_ACCOUNT_SYNC","eventData":{"COMPLETION_STATUS":"RECEIVED","EVENT_ACTION":"OPTED_IN","EVENT_SOURCE":"PUT /userpreference-service/account.deviceSync","X-actor":"SYSTEM","preferenceKey":"account.deviceSync","preferenceValue":"true"},"testMode":false,"receivedDate":null},{"referenceId":"9a06a76e-2408-4eb7-853a-b87e9a8265d2","referenceType":"CUSTOMER_GUID","sourceSystem":"GCM iOS","sourceSystemVersion":"4.77.1","platformId":"GARMIN_CONNECT","actorId":null,"userAgent":"GCM-iOS-4.77.1.2","locale":"en-IL","locationCountry":"IL","eventDateTime":"2024-04-03T18:10:29Z","eventType":"CONNECT_PROFILE_BIRTHDATE","eventData":{"COMPLETION_STATUS":"RECEIVED","EVENT_ACTION":"UPDATED","EVENT_SOURCE":"PUT /userprofile-service/userprofile/user-settings"},"testMode":false,"receivedDate":null},{"referenceId":"9a06a76e-2408-4eb7-853a-b87e9a8265d2","referenceType":"CUSTOMER_GUID","sourceSystem":"Connect API Component","sourceSystemVersion":"UNKNOWN","platformId":"GARMIN_CONNECT","actorId":null,"userAgent":"GC-API:pa-userprofile050","locale":"en-IL","locationCountry":"IL","eventDateTime":"2024-04-03T18:10:29Z","eventType":"CONNECT_USER_PREFERENCE","eventData":{"COMPLETION_STATUS":"RECEIVED","EVENT_ACTION":"UPDATED","EVENT_SOURCE":"PUT /userpreference-service/Wellness.endSleepTimeSecondsFromMidnight","X-actor":"USER","preferenceKey":"Wellness.endSleepTimeSecondsFromMidnight","preferenceValue":"28800"},"testMode":false,"receivedDate":null},{"referenceId":"9a06a76e-2408-4eb7-853a-b87e9a8265d2","referenceType":"CUSTOMER_GUID","sourceSystem":"GCM iOS","sourceSystemVersion":"4.77.1","platformId":"GARMIN_CONNECT","actorId":null,"userAgent":"GCM-iOS-4.77.1.2","locale":"en-IL","locationCountry":"IL","eventDateTime":"2024-04-03T18:10:17Z","eventType":"CONNECT_PROFILE_BIRTHDATE","eventData":{"COMPLETION_STATUS":"RECEIVED","EVENT_ACTION":"UPDATED","EVENT_SOURCE":"PUT /userprofile-service/userprofile/user-settings"},"testMode":false,"receivedDate":null},{"referenceId":"9a06a76e-2408-4eb7-853a-b87e9a8265d2","referenceType":"CUSTOMER_GUID","sourceSystem":"Connect API Component","sourceSystemVersion":"UNKNOWN","platformId":"GARMIN_CONNECT","actorId":null,"userAgent":"GC-API:pa-userprofile050","locale":"en-IL","locationCountry":"IL","eventDateTime":"2024-04-03T18:10:17Z","eventType":"CONNECT_USER_PREFERENCE","eventData":{"COMPLETION_STATUS":"RECEIVED","EVENT_ACTION":"UPDATED","EVENT_SOURCE":"PUT /userpreference-service/Wellness.endSleepTimeSecondsFromMidnight","X-actor":"USER","preferenceKey":"Wellness.endSleepTimeSecondsFromMidnight","preferenceValue":"21600"},"testMode":false,"receivedDate":null},{"referenceId":"9a06a76e-2408-4eb7-853a-b87e9a8265d2","referenceType":"CUSTOMER_GUID","sourceSystem":"GCM iOS","sourceSystemVersion":"4.77.1","platformId":"GARMIN_CONNECT","actorId":null,"userAgent":"GCM-iOS-4.77.1.2","locale":"en-IL","locationCountry":"IL","eventDateTime":"2024-04-03T18:09:54Z","eventType":"CONNECT_PROFILE_BIRTHDATE","eventData":{"COMPLETION_STATUS":"RECEIVED","EVENT_ACTION":"UPDATED","EVENT_SOURCE":"PUT /userprofile-service/userprofile/user-settings"},"testMode":false,"receivedDate":null},{"referenceId":"9a06a76e-2408-4eb7-853a-b87e9a8265d2","referenceType":"CUSTOMER_GUID","sourceSystem":"Connect API Component","sourceSystemVersion":"UNKNOWN","platformId":"GARMIN_CONNECT","actorId":null,"userAgent":"GC-API:pa-userprofile016","locale":"en-IL","locationCountry":"IL","eventDateTime":"2024-04-03T18:09:54Z","eventType":"CONNECT_USER_PREFERENCE","eventData":{"COMPLETION_STATUS":"RECEIVED","EVENT_ACTION":"UPDATED","EVENT_SOURCE":"PUT /userpreference-service/Wellness.endSleepTimeSecondsFromMidnight","X-actor":"USER","preferenceKey":"Wellness.endSleepTimeSecondsFromMidnight","preferenceValue":"21600"},"testMode":false,"receivedDate":null},{"referenceId":"9a06a76e-2408-4eb7-853a-b87e9a8265d2","referenceType":"CUSTOMER_GUID","sourceSystem":"GCM iOS","sourceSystemVersion":"4.77.1","platformId":"GARMIN_CONNECT","actorId":null,"userAgent":"GCM-iOS-4.77.1.2","locale":"en-IL","locationCountry":"IL","eventDateTime":"2024-04-03T18:09:41Z","eventType":"CONNECT_PROFILE_WEIGHT","eventData":{"COMPLETION_STATUS":"RECEIVED","EVENT_ACTION":"UPDATED","EVENT_SOURCE":"PUT /userprofile-service/userprofile/user-settings"},"testMode":false,"receivedDate":null},{"referenceId":"9a06a76e-2408-4eb7-853a-b87e9a8265d2","referenceType":"CUSTOMER_GUID","sourceSystem":"Connect API Component","sourceSystemVersion":"UNKNOWN","platformId":"GARMIN_CONNECT","actorId":null,"userAgent":"GC-API:pa-userprofile052","locale":"en-IL","locationCountry":"IL","eventDateTime":"2024-04-03T18:09:41Z","eventType":"CONNECT_USER_PREFERENCE","eventData":{"COMPLETION_STATUS":"RECEIVED","EVENT_ACTION":"UPDATED","EVENT_SOURCE":"PUT /userpreference-service/Wellness.endSleepTimeSecondsFromMidnight","X-actor":"USER","preferenceKey":"Wellness.endSleepTimeSecondsFromMidnight","preferenceValue":"21600"},"testMode":false,"receivedDate":null},{"referenceId":"9a06a76e-2408-4eb7-853a-b87e9a8265d2","referenceType":"CUSTOMER_GUID","sourceSystem":"GCM iOS","sourceSystemVersion":"4.77.1","platformId":"GARMIN_CONNECT","actorId":null,"userAgent":"GCM-iOS-4.77.1.2","locale":"en-IL","locationCountry":"IL","eventDateTime":"2024-04-03T18:09:34Z","eventType":"CONNECT_PROFILE_HEIGHT","eventData":{"COMPLETION_STATUS":"RECEIVED","EVENT_ACTION":"UPDATED","EVENT_SOURCE":"PUT /userprofile-service/userprofile/user-settings"},"testMode":false,"receivedDate":null},{"referenceId":"9a06a76e-2408-4eb7-853a-b87e9a8265d2","referenceType":"CUSTOMER_GUID","sourceSystem":"GCM iOS","sourceSystemVersion":"4.77.1","platformId":"GARMIN_CONNECT","actorId":null,"userAgent":"GCM-iOS-4.77.1.2","locale":"en-IL","locationCountry":"IL","eventDateTime":"2024-04-03T18:09:34Z","eventType":"CONNECT_PROFILE_WEIGHT","eventData":{"COMPLETION_STATUS":"RECEIVED","EVENT_ACTION":"UPDATED","EVENT_SOURCE":"PUT /userprofile-service/userprofile/user-settings"},"testMode":false,"receivedDate":null},{"referenceId":"9a06a76e-2408-4eb7-853a-b87e9a8265d2","referenceType":"CUSTOMER_GUID","sourceSystem":"Connect API Component","sourceSystemVersion":"UNKNOWN","platformId":"GARMIN_CONNECT","actorId":null,"userAgent":"GC-API:pa-userprofile056","locale":"en-IL","locationCountry":"IL","eventDateTime":"2024-04-03T18:09:34Z","eventType":"CONNECT_USER_PREFERENCE","eventData":{"COMPLETION_STATUS":"RECEIVED","EVENT_ACTION":"UPDATED","EVENT_SOURCE":"PUT /userpreference-service/Wellness.endSleepTimeSecondsFromMidnight","X-actor":"USER","preferenceKey":"Wellness.endSleepTimeSecondsFromMidnight","preferenceValue":"21600"},"testMode":false,"receivedDate":null},{"referenceId":"9a06a76e-2408-4eb7-853a-b87e9a8265d2","referenceType":"CUSTOMER_GUID","sourceSystem":"GCM iOS","sourceSystemVersion":"4.77.1","platformId":"GARMIN_CONNECT","actorId":null,"userAgent":"GCM-iOS-4.77.1.2","locale":"en-IL","locationCountry":"IL","eventDateTime":"2024-04-03T18:09:25Z","eventType":"CONNECT_PROFILE_GENDER","eventData":{"COMPLETION_STATUS":"RECEIVED","EVENT_ACTION":"UPDATED","EVENT_SOURCE":"PUT /userprofile-service/userprofile/user-settings"},"testMode":false,"receivedDate":null},{"referenceId":"9a06a76e-2408-4eb7-853a-b87e9a8265d2","referenceType":"CUSTOMER_GUID","sourceSystem":"GCM iOS","sourceSystemVersion":"4.77.1","platformId":"GARMIN_CONNECT","actorId":null,"userAgent":"GCM-iOS-4.77.1.2","locale":"en-IL","locationCountry":"IL","eventDateTime":"2024-04-03T18:09:25Z","eventType":"CONNECT_PROFILE_HEIGHT","eventData":{"COMPLETION_STATUS":"RECEIVED","EVENT_ACTION":"UPDATED","EVENT_SOURCE":"PUT /userprofile-service/userprofile/user-settings"},"testMode":false,"receivedDate":null},{"referenceId":"9a06a76e-2408-4eb7-853a-b87e9a8265d2","referenceType":"CUSTOMER_GUID","sourceSystem":"Connect API Component","sourceSystemVersion":"UNKNOWN","platformId":"GARMIN_CONNECT","actorId":null,"userAgent":"GC-API:pa-userprofile015","locale":"en-IL","locationCountry":"IL","eventDateTime":"2024-04-03T18:09:25Z","eventType":"CONNECT_USER_PREFERENCE","eventData":{"COMPLETION_STATUS":"RECEIVED","EVENT_ACTION":"UPDATED","EVENT_SOURCE":"PUT /userpreference-service/Wellness.endSleepTimeSecondsFromMidnight","X-actor":"USER","preferenceKey":"Wellness.endSleepTimeSecondsFromMidnight","preferenceValue":"21600"},"testMode":false,"receivedDate":null},{"referenceId":"9a06a76e-2408-4eb7-853a-b87e9a8265d2","referenceType":"CUSTOMER_GUID","sourceSystem":"Connect API Component","sourceSystemVersion":"UNKNOWN","platformId":"GARMIN_CONNECT","actorId":null,"userAgent":"GC-API:pa-userprofile011","locale":"en-IL","locationCountry":"IL","eventDateTime":"2024-04-03T18:09:21Z","eventType":"CONNECT_USER_PREFERENCE","eventData":{"COMPLETION_STATUS":"RECEIVED","EVENT_ACTION":"UPDATED","EVENT_SOURCE":"PUT /userpreference-service/Wellness.endSleepTimeSecondsFromMidnight","X-actor":"USER","preferenceKey":"Wellness.endSleepTimeSecondsFromMidnight","preferenceValue":"21600"},"testMode":false,"receivedDate":null},{"referenceId":"9a06a76e-2408-4eb7-853a-b87e9a8265d2","referenceType":"CUSTOMER_GUID","sourceSystem":"GCM iOS","sourceSystemVersion":"4.77.1","platformId":"GARMIN_CONNECT","actorId":null,"userAgent":"GCM-iOS-4.77.1.2","locale":"en-IL","locationCountry":"IL","eventDateTime":"2024-04-03T18:09:14Z","eventType":"CONNECT_PRIVACY_SETTINGS","eventData":{"COMPLETION_STATUS":"RECEIVED","EVENT_ACTION":"UPDATED","EVENT_SOURCE":"PUT /privacysettings-service/privacy-settings","request":"{\"wellnessPrivacySettings\":{\"categoryDetails\":{\"categoryAccessRule\":\"private\"},\"subcategoryPrivacySettings\":[{\"subcategoryDetails\":{\"accessRule\":\"private\"},\"privacySubcategoryType\":\"steps\"}]},\"activityPrivacySettings\":{\"categoryDetails\":{\"categoryAccessRule\":\"private\"},\"subcategoryPrivacySettings\":[{\"subcategoryDetails\":{\"accessRule\":\"private\"},\"associatedParentActivityTypeIds\":[1],\"privacySubcategoryType\":\"running\"},{\"subcategoryDetails\":{\"accessRule\":\"private\"},\"associatedParentActivityTypeIds\":[2],\"privacySubcategoryType\":\"cycling\"},{\"privacySubcategoryType\":\"walking\",\"subcategoryDetails\":{\"accessRule\":\"private\"},\"associatedParentActivityTypeIds\":[9]},{\"subcategoryDetails\":{\"accessRule\":\"private\"},\"privacySubcategoryType\":\"swimming\",\"associatedParentActivityTypeIds\":[26]},{\"subcategoryDetails\":{\"accessRule\":\"private\"},\"associatedParentActivityTypeIds\":[29],\"privacySubcategoryType\":\"fitness_equipment\"},{\"associatedParentActivityTypeIds\":[89],\"privacySubcategoryType\":\"multi_sport\",\"subcategoryDetails\":{\"accessRule\":\"private\"}},{\"associatedParentActivityTypeIds\":[144],\"privacySubcategoryType\":\"diving\",\"subcategoryDetails\":{\"accessRule\":\"private\"}},{\"privacySubcategoryType\":\"winter_sport\",\"associatedParentActivityTypeIds\":[165],\"subcategoryDetails\":{\"accessRule\":\"private\"}},{\"privacySubcategoryType\":\"hiking\",\"subcategoryDetails\":{\"accessRule\":\"private\"},\"associatedParentActivityTypeIds\":[3]},{\"privacySubcategoryType\":\"other\",\"associatedParentActivityTypeIds\":[4],\"subcategoryDetails\":{\"accessRule\":\"private\"}},{\"subcategoryDetails\":{\"accessRule\":\"private\"},\"privacySubcategoryType\":\"para_sports\",\"associatedParentActivityTypeIds\":[199]},{\"subcategoryDetails\":{\"accessRule\":\"private\"},\"associatedParentActivityTypeIds\":[219],\"privacySubcategoryType\":\"racket_sports\"},{\"privacySubcategoryType\":\"team_sports\",\"subcategoryDetails\":{\"accessRule\":\"private\"},\"associatedParentActivityTypeIds\":[206]},{\"privacySubcategoryType\":\"water_sports\",\"subcategoryDetails\":{\"accessRule\":\"private\"},\"associatedParentActivityTypeIds\":[228]}]},\"profilePrivacySettings\":{\"subcategoryPrivacySettings\":[{\"subcategoryDetails\":{\"accessRule\":\"private\"},\"privacySubcategoryType\":\"user_profile\"}],\"categoryDetails\":{\"categoryAccessRule\":\"private\"}}}"},"testMode":false,"receivedDate":null},{"referenceId":"9a06a76e-2408-4eb7-853a-b87e9a8265d2","referenceType":"CUSTOMER_GUID","sourceSystem":"GCM iOS","sourceSystemVersion":"4.77.1","platformId":"GARMIN_CONNECT","actorId":null,"userAgent":"GCM-iOS-4.77.1.2","locale":"en-IL","locationCountry":"IL","eventDateTime":"2024-04-03T18:09:04Z","eventType":"CONNECT_PROFILE_IMAGE","eventData":{"COMPLETION_STATUS":"RECEIVED","EVENT_ACTION":"UPDATED","EVENT_SOURCE":"POST /image-service/imageservice/upload/794ceac7-9a8e-4a89-89af-65337ac2ec9d"},"testMode":false,"receivedDate":null},{"referenceId":"9a06a76e-2408-4eb7-853a-b87e9a8265d2","referenceType":"CUSTOMER_GUID","sourceSystem":"GCM iOS","sourceSystemVersion":"4.77.1","platformId":"GARMIN_CONNECT","actorId":null,"userAgent":"GCM-iOS-4.77.1.2","locale":"en-IL","locationCountry":"IL","eventDateTime":"2024-04-03T18:06:07.590Z","eventType":"CONNECT_PROFILE_FULLNAME","eventData":{"COMPLETION_STATUS":"RECEIVED","EVENT_ACTION":"CREATED","EVENT_SOURCE":"PreauthorizedFilter:SSOTokenExchage"},"testMode":false,"receivedDate":null},{"referenceId":"9a06a76e-2408-4eb7-853a-b87e9a8265d2","referenceType":"CUSTOMER_GUID","sourceSystem":"Connect API Component","sourceSystemVersion":"UNKNOWN","platformId":"GARMIN_CONNECT","actorId":null,"userAgent":"GC-API:pa-oauth1external001","locale":"en-IL","locationCountry":"IL","eventDateTime":"2024-04-03T18:06:06Z","eventType":"CONNECT_PROFILE_FULLNAME","eventData":{"COMPLETION_STATUS":"RECEIVED","EVENT_ACTION":"UPDATED","EVENT_SOURCE":"POST /userprofile-service/socialProfile/794ceac7-9a8e-4a89-89af-65337ac2ec9d"},"testMode":false,"receivedDate":null},{"referenceId":"9a06a76e-2408-4eb7-853a-b87e9a8265d2","referenceType":"CUSTOMER_GUID","sourceSystem":"Connect API Component","sourceSystemVersion":"UNKNOWN","platformId":"GARMIN_CONNECT","actorId":null,"userAgent":"GC-API:pa-oauth1external001","locale":"en-IL","locationCountry":"IL","eventDateTime":"2024-04-03T18:06:06Z","eventType":"CONNECT_PROFILE_SHOW_ACTIVITY_CLASS","eventData":{"COMPLETION_STATUS":"RECEIVED","EVENT_ACTION":"OPTED_OUT","EVENT_SOURCE":"POST /userprofile-service/socialProfile/794ceac7-9a8e-4a89-89af-65337ac2ec9d"},"testMode":false,"receivedDate":null},{"referenceId":"9a06a76e-2408-4eb7-853a-b87e9a8265d2","referenceType":"CUSTOMER_GUID","sourceSystem":"Connect API Component","sourceSystemVersion":"UNKNOWN","platformId":"GARMIN_CONNECT","actorId":null,"userAgent":"GC-API:pa-oauth1external001","locale":"en-IL","locationCountry":"IL","eventDateTime":"2024-04-03T18:06:06Z","eventType":"CONNECT_PROFILE_SHOW_AGE_RANGE","eventData":{"COMPLETION_STATUS":"RECEIVED","EVENT_ACTION":"OPTED_OUT","EVENT_SOURCE":"POST /userprofile-service/socialProfile/794ceac7-9a8e-4a89-89af-65337ac2ec9d"},"testMode":false,"receivedDate":null},{"referenceId":"9a06a76e-2408-4eb7-853a-b87e9a8265d2","referenceType":"CUSTOMER_GUID","sourceSystem":"Connect API Component","sourceSystemVersion":"UNKNOWN","platformId":"GARMIN_CONNECT","actorId":null,"userAgent":"GC-API:pa-oauth1external001","locale":"en-IL","locationCountry":"IL","eventDateTime":"2024-04-03T18:06:06Z","eventType":"CONNECT_PROFILE_SHOW_GENDER","eventData":{"COMPLETION_STATUS":"RECEIVED","EVENT_ACTION":"OPTED_OUT","EVENT_SOURCE":"POST /userprofile-service/socialProfile/794ceac7-9a8e-4a89-89af-65337ac2ec9d"},"testMode":false,"receivedDate":null},{"referenceId":"9a06a76e-2408-4eb7-853a-b87e9a8265d2","referenceType":"CUSTOMER_GUID","sourceSystem":"Connect API Component","sourceSystemVersion":"UNKNOWN","platformId":"GARMIN_CONNECT","actorId":null,"userAgent":"GC-API:pa-oauth1external001","locale":"en-IL","locationCountry":"IL","eventDateTime":"2024-04-03T18:06:06Z","eventType":"CONNECT_PROFILE_SHOW_LAST12MONTHS","eventData":{"COMPLETION_STATUS":"RECEIVED","EVENT_ACTION":"OPTED_IN","EVENT_SOURCE":"POST /userprofile-service/socialProfile/794ceac7-9a8e-4a89-89af-65337ac2ec9d"},"testMode":false,"receivedDate":null},{"referenceId":"9a06a76e-2408-4eb7-853a-b87e9a8265d2","referenceType":"CUSTOMER_GUID","sourceSystem":"Connect API Component","sourceSystemVersion":"UNKNOWN","platformId":"GARMIN_CONNECT","actorId":null,"userAgent":"GC-API:pa-oauth1external001","locale":"en-IL","locationCountry":"IL","eventDateTime":"2024-04-03T18:06:06Z","eventType":"CONNECT_PROFILE_SHOW_LIFETIME_TOTALS","eventData":{"COMPLETION_STATUS":"RECEIVED","EVENT_ACTION":"OPTED_IN","EVENT_SOURCE":"POST /userprofile-service/socialProfile/794ceac7-9a8e-4a89-89af-65337ac2ec9d"},"testMode":false,"receivedDate":null},{"referenceId":"9a06a76e-2408-4eb7-853a-b87e9a8265d2","referenceType":"CUSTOMER_GUID","sourceSystem":"Connect API Component","sourceSystemVersion":"UNKNOWN","platformId":"GARMIN_CONNECT","actorId":null,"userAgent":"GC-API:pa-oauth1external001","locale":"en-IL","locationCountry":"IL","eventDateTime":"2024-04-03T18:06:06Z","eventType":"CONNECT_PROFILE_SHOW_PERSONAL_RECORDS","eventData":{"COMPLETION_STATUS":"RECEIVED","EVENT_ACTION":"OPTED_IN","EVENT_SOURCE":"POST /userprofile-service/socialProfile/794ceac7-9a8e-4a89-89af-65337ac2ec9d"},"testMode":false,"receivedDate":null},{"referenceId":"9a06a76e-2408-4eb7-853a-b87e9a8265d2","referenceType":"CUSTOMER_GUID","sourceSystem":"Connect API Component","sourceSystemVersion":"UNKNOWN","platformId":"GARMIN_CONNECT","actorId":null,"userAgent":"GC-API:pa-oauth1external001","locale":"en-IL","locationCountry":"IL","eventDateTime":"2024-04-03T18:06:06Z","eventType":"CONNECT_PROFILE_SHOW_RECENT_DEVICE","eventData":{"COMPLETION_STATUS":"RECEIVED","EVENT_ACTION":"OPTED_IN","EVENT_SOURCE":"POST /userprofile-service/socialProfile/794ceac7-9a8e-4a89-89af-65337ac2ec9d"},"testMode":false,"receivedDate":null},{"referenceId":"9a06a76e-2408-4eb7-853a-b87e9a8265d2","referenceType":"CUSTOMER_GUID","sourceSystem":"Connect API Component","sourceSystemVersion":"UNKNOWN","platformId":"GARMIN_CONNECT","actorId":null,"userAgent":"GC-API:pa-oauth1external001","locale":"en-IL","locationCountry":"IL","eventDateTime":"2024-04-03T18:06:06Z","eventType":"CONNECT_PROFILE_SHOW_RECENT_FAVORITES","eventData":{"COMPLETION_STATUS":"RECEIVED","EVENT_ACTION":"OPTED_IN","EVENT_SOURCE":"POST /userprofile-service/socialProfile/794ceac7-9a8e-4a89-89af-65337ac2ec9d"},"testMode":false,"receivedDate":null},{"referenceId":"9a06a76e-2408-4eb7-853a-b87e9a8265d2","referenceType":"CUSTOMER_GUID","sourceSystem":"Connect API Component","sourceSystemVersion":"UNKNOWN","platformId":"GARMIN_CONNECT","actorId":null,"userAgent":"GC-API:pa-oauth1external001","locale":"en-IL","locationCountry":"IL","eventDateTime":"2024-04-03T18:06:06Z","eventType":"CONNECT_PROFILE_SHOW_UPCOMING_EVENTS","eventData":{"COMPLETION_STATUS":"RECEIVED","EVENT_ACTION":"OPTED_IN","EVENT_SOURCE":"POST /userprofile-service/socialProfile/794ceac7-9a8e-4a89-89af-65337ac2ec9d"},"testMode":false,"receivedDate":null},{"referenceId":"9a06a76e-2408-4eb7-853a-b87e9a8265d2","referenceType":"CUSTOMER_GUID","sourceSystem":"Connect API Component","sourceSystemVersion":"UNKNOWN","platformId":"GARMIN_CONNECT","actorId":null,"userAgent":"GC-API:pa-oauth1external001","locale":"en-IL","locationCountry":"IL","eventDateTime":"2024-04-03T18:06:06Z","eventType":"CONNECT_PROFILE_SHOW_VO2MAX","eventData":{"COMPLETION_STATUS":"RECEIVED","EVENT_ACTION":"OPTED_OUT","EVENT_SOURCE":"POST /userprofile-service/socialProfile/794ceac7-9a8e-4a89-89af-65337ac2ec9d"},"testMode":false,"receivedDate":null},{"referenceId":"9a06a76e-2408-4eb7-853a-b87e9a8265d2","referenceType":"CUSTOMER_GUID","sourceSystem":"Connect API Component","sourceSystemVersion":"UNKNOWN","platformId":"GARMIN_CONNECT","actorId":null,"userAgent":"GC-API:pa-oauth1external001","locale":"en-IL","locationCountry":"IL","eventDateTime":"2024-04-03T18:06:06Z","eventType":"CONNECT_PROFILE_VISIBILITY","eventData":{"COMPLETION_STATUS":"RECEIVED","EVENT_ACTION":"UPDATED","EVENT_SOURCE":"POST /userprofile-service/socialProfile/794ceac7-9a8e-4a89-89af-65337ac2ec9d","profileVisibility":"private"},"testMode":false,"receivedDate":null},{"referenceId":"9a06a76e-2408-4eb7-853a-b87e9a8265d2","referenceType":"CUSTOMER_GUID","sourceSystem":"Connect API Component","sourceSystemVersion":"UNKNOWN","platformId":"GARMIN_CONNECT","actorId":null,"userAgent":"GC-API:pa-oauth1external001","locale":"en-IL","locationCountry":"IL","eventDateTime":"2024-04-03T18:06:06Z","eventType":"CONNECT_USER_PREFERENCE","eventData":{"COMPLETION_STATUS":"RECEIVED","EVENT_ACTION":"CREATED","EVENT_SOURCE":"POST /userpreference-service/","X-actor":"USER","preferenceKey":"default_activity_visibility_flag","preferenceValue":"2"},"testMode":false,"receivedDate":null},{"referenceId":"9a06a76e-2408-4eb7-853a-b87e9a8265d2","referenceType":"CUSTOMER_GUID","sourceSystem":"SSO","sourceSystemVersion":null,"platformId":"GarminConnectMobileiOS","actorId":null,"userAgent":"Mozilla/5.0 (iPhone; CPU iPhone OS 17_3_1 like Mac OS X) AppleWebKit/605.1.15 (KHTML, like Gecko) Mobile/15E148","locale":"en-US","locationCountry":"IL","eventDateTime":"2024-04-03T18:06:03.362Z","eventType":"IT_SSO_ACCOUNT_CREATION","eventData":{},"testMode":false,"receivedDate":null}]