{
  "id" : null,
  "firstName" : "Dvir",
  "middleName" : null,
  "lastName" : "Israel",
  "fullName" : "Dvir Israel",
  "namePrefix" : null,
  "nameSuffix" : null,
  "gender" : null,
  "displayName" : null,
  "username" : "DVIR4005@GMAIL.COM",
  "primaryAddress" : null,
  "primaryEmailAddress" : {
    "emailAddress" : "dvir4005@gmail.com",
    "type" : null,
    "primary" : true,
    "emailVerified" : false,
    "emailVerificationTimestamp" : null,
    "emailAddressId" : null
  },
  "primaryPhoneNumber" : null,
  "locale" : "en_IL",
  "type" : null,
  "active" : true,
  "version" : 9,
  "lastUpdateDateTime" : "2025-06-18T14:34:23Z",
  "createdDate" : "2024-04-03T18:06:03Z",
  "customerLocation" : {
    "countryCode" : "IL",
    "verified" : true,
    "verifiedTimestamp" : "2024-04-03T18:06:03Z"
  },
  "nextPurgeCheckDate" : null,
  "companyName" : null,
  "toBePurged" : false,
  "accountVerified" : false,
  "accountVerificationDate" : null,
  "legacyAccount" : false,
  "addresses" : [ ],
  "emailAddresses" : [ ],
  "phoneNumbers" : [ ],
  "foreignIdentifiers" : [ ],
  "loginInfo" : null
}
