[{"key":"8a7d99468e5e5427018ea523b099659f","referenceId":"9a06a76e-2408-4eb7-853a-b87e9a8265d2","referenceType":"CUSTOMER","correlationId":null,"consentTypeId":"ITW_DS_EM_GLOBAL","state":"GRANTED","locale":"en-US","source":"GarminConnectMobileiOS","version":"32","createdDate":"2024-04-03T18:06:03.417Z","consentCreatedDate":"2024-04-03T18:06:03.417Z","actorId":"sso","metadata":null,"consentUpdatedBy":null,"consentExpiryDate":null},{"key":"8a7de1988ea3890e018ea52819d6605b","referenceId":"9a06a76e-2408-4eb7-853a-b87e9a8265d2","referenceType":"CUSTOMER","correlationId":null,"consentTypeId":"DI_CONNECT_UPLOAD","state":"GRANTED","locale":"en-US","source":"GCM-iOS-4.77.1.2","version":"59","createdDate":"2024-04-03T18:10:52.502Z","consentCreatedDate":"2024-04-03T18:10:52.502Z","actorId":null,"metadata":null,"consentUpdatedBy":null,"consentExpiryDate":null},{"key":"8a7f93388dcd8173018ea8971e5f173a","referenceId":"9a06a76e-2408-4eb7-853a-b87e9a8265d2","referenceType":"CUSTOMER","correlationId":null,"consentTypeId":"DI_CONNECT_LIVETRACK","state":"GRANTED","locale":"en-US","source":"GCM-iOS-4.77.1.2","version":"62","createdDate":"2024-04-04T10:10:59.807Z","consentCreatedDate":"2024-04-04T10:10:59.807Z","actorId":null,"metadata":null,"consentUpdatedBy":null,"consentExpiryDate":null}]