[{"userProfilePK":121376460,"calendarDate":"2025-05-11","persistedTimestampGMT":"2025-05-11T16:42:04.351","timestampLocal":"2025-05-11T19:09:51.0","hydrationSource":"GARMIN_ACTIVITY","valueInML":0.0,"activityId":19094034407,"capped":false,"estimatedSweatLossInML":180.0,"duration":1802.571044921875,"uuid":{"uuid":"bce84335-f0b8-4ef2-91be-c44265444da7"}},{"userProfilePK":121376460,"calendarDate":"2025-05-13","persistedTimestampGMT":"2025-05-13T22:44:15.932","timestampLocal":"2025-05-13T20:16:36.0","hydrationSource":"GARMIN_ACTIVITY","valueInML":0.0,"activityId":19116857019,"capped":false,"estimatedSweatLossInML":205.0,"duration":2059.092041015625,"uuid":{"uuid":"290bd2e0-9a7e-4324-bbf8-0fb195f04f42"}}]