[{"userProfilePK":121376460,"calendarDate":"2024-04-23","uuid":"376183c3b1794034bb7b48f09676cd17","durationInMilliseconds":53160000,"totalKilocalories":1921.0,"activeKilocalories":300.0,"bmrKilocalories":1621.0,"wellnessKilocalories":1921.0,"remainingKilocalories":1921.0,"wellnessTotalKilocalories":1921.0,"wellnessActiveKilocalories":300.0,"totalSteps":7357,"dailyStepGoal":11120,"totalDistanceMeters":6326,"wellnessDistanceMeters":6326,"wellnessStartTimeGmt":"2024-04-22T21:00:00.0","wellnessEndTimeGmt":"2024-04-23T11:46:00.0","wellnessStartTimeLocal":"2024-04-23T00:00:00.0","wellnessEndTimeLocal":"2024-04-23T14:46:00.0","highlyActiveSeconds":0,"activeSeconds":4699,"moderateIntensityMinutes":0,"vigorousIntensityMinutes":0,"isVigorousDay":false,"userIntensityMinutesGoal":150,"userFloorsAscendedGoal":10,"minHeartRate":96,"maxHeartRate":121,"restingHeartRate":91,"currentDayRestingHeartRate":102,"restingHeartRateTimestamp":1713872760000,"includesWellnessData":true,"includesActivityData":false,"includesCalorieConsumedData":false,"includesSingleMeasurement":false,"includesContinuousMeasurement":false,"includesAllDayPulseOx":false,"includesSleepPulseOx":false,"source":0,"allDayStress":{"userProfilePK":121376460,"calendarDate":"2024-04-23","aggregatorList":[{"type":"TOTAL","averageStressLevel":71,"averageStressLevelIntensity":70,"maxStressLevel":71,"stressIntensityCount":1,"stressOffWristCount":1,"stressTooActiveCount":76,"totalStressCount":78,"totalStressIntensity":-61,"stressDuration":60,"activityDuration":4560,"uncategorizedDuration":60,"totalDuration":4680,"mediumDuration":60},{"type":"AWAKE","averageStressLevel":71,"averageStressLevelIntensity":70,"maxStressLevel":71,"stressIntensityCount":1,"stressOffWristCount":1,"stressTooActiveCount":76,"totalStressCount":78,"totalStressIntensity":-61,"stressDuration":60,"activityDuration":4560,"uncategorizedDuration":60,"totalDuration":4680,"mediumDuration":60},{"type":"ASLEEP","averageStressLevel":-2,"averageStressLevelIntensity":-2}]},"bodyBattery":{"userProfilePK":121376460,"calendarDate":"2024-04-23","chargedValue":0,"drainedValue":9,"bodyBatteryVersion":2.0,"bodyBatteryStatList":[{"bodyBatteryStatType":"HIGHEST","statsValue":57,"bodyBatteryStatus":"RESET","statTimestamp":"2024-04-23T10:28:00.0"},{"bodyBatteryStatType":"LOWEST","statsValue":48,"bodyBatteryStatus":"MEASURED","statTimestamp":"2024-04-23T11:42:00.0"},{"bodyBatteryStatType":"MOSTRECENT","statsValue":48,"bodyBatteryStatus":"MEASURED","statTimestamp":"2024-04-23T11:46:00.0"},{"bodyBatteryStatType":"ENDOFDAY","statsValue":48,"bodyBatteryStatus":"MEASURED","statTimestamp":"2024-04-23T11:46:00.0"},{"bodyBatteryStatType":"STARTOFDAY","statsValue":57,"bodyBatteryStatus":"RESET","statTimestamp":"2024-04-23T10:28:00.0"}]},"minAvgHeartRate":97,"maxAvgHeartRate":120,"version":53160000,"respiration":{"userProfilePK":121376460,"calendarDate":"2024-04-23","avgWakingRespirationValue":20.0,"highestRespirationValue":20.0,"lowestRespirationValue":20.0,"latestRespirationValue":20.0,"latestRespirationTimeGMT":"2024-04-23T11:46:00.0"}},{"userProfilePK":121376460,"calendarDate":"2024-04-30","uuid":"94bf41291b5f49f9838610ce646d6f2b","durationInMilliseconds":67200000,"totalKilocalories":2598.0,"activeKilocalories":548.0,"bmrKilocalories":2050.0,"wellnessKilocalories":2598.0,"remainingKilocalories":2598.0,"wellnessTotalKilocalories":2598.0,"wellnessActiveKilocalories":548.0,"totalSteps":7172,"dailyStepGoal":11120,"totalDistanceMeters":7330,"wellnessDistanceMeters":7330,"wellnessStartTimeGmt":"2024-04-29T21:00:00.0","wellnessEndTimeGmt":"2024-04-30T15:40:00.0","wellnessStartTimeLocal":"2024-04-30T00:00:00.0","wellnessEndTimeLocal":"2024-04-30T18:40:00.0","highlyActiveSeconds":1548,"activeSeconds":2473,"moderateIntensityMinutes":35,"vigorousIntensityMinutes":24,"isVigorousDay":true,"userIntensityMinutesGoal":150,"userFloorsAscendedGoal":10,"minHeartRate":72,"maxHeartRate":185,"restingHeartRate":96,"currentDayRestingHeartRate":116,"restingHeartRateTimestamp":1714491600000,"includesWellnessData":true,"includesActivityData":false,"includesCalorieConsumedData":false,"includesSingleMeasurement":false,"includesContinuousMeasurement":false,"includesAllDayPulseOx":false,"includesSleepPulseOx":false,"source":0,"allDayStress":{"userProfilePK":121376460,"calendarDate":"2024-04-30","aggregatorList":[{"type":"TOTAL","averageStressLevel":82,"averageStressLevelIntensity":81,"maxStressLevel":84,"stressIntensityCount":5,"stressOffWristCount":1,"stressTooActiveCount":64,"totalStressCount":70,"totalStressIntensity":-376,"stressDuration":300,"activityDuration":3840,"uncategorizedDuration":60,"totalDuration":4200,"highDuration":300},{"type":"AWAKE","averageStressLevel":82,"averageStressLevelIntensity":81,"maxStressLevel":84,"stressIntensityCount":5,"stressOffWristCount":1,"stressTooActiveCount":64,"totalStressCount":70,"totalStressIntensity":-376,"stressDuration":300,"activityDuration":3840,"uncategorizedDuration":60,"totalDuration":4200,"highDuration":300},{"type":"ASLEEP","averageStressLevel":-2,"averageStressLevelIntensity":-2}]},"bodyBattery":{"userProfilePK":121376460,"calendarDate":"2024-04-30","chargedValue":0,"drainedValue":18,"bodyBatteryVersion":2.0,"bodyBatteryStatList":[{"bodyBatteryStatType":"HIGHEST","statsValue":40,"bodyBatteryStatus":"RESET","statTimestamp":"2024-04-30T14:28:00.0"},{"bodyBatteryStatType":"LOWEST","statsValue":22,"bodyBatteryStatus":"MEASURED","statTimestamp":"2024-04-30T15:15:00.0"},{"bodyBatteryStatType":"MOSTRECENT","statsValue":22,"bodyBatteryStatus":"MEASURED","statTimestamp":"2024-04-30T15:40:00.0"},{"bodyBatteryStatType":"ENDOFDAY","statsValue":22,"bodyBatteryStatus":"MEASURED","statTimestamp":"2024-04-30T15:40:00.0"},{"bodyBatteryStatType":"STARTOFDAY","statsValue":40,"bodyBatteryStatus":"RESET","statTimestamp":"2024-04-30T14:28:00.0"}]},"minAvgHeartRate":72,"maxAvgHeartRate":185,"version":67200000,"respiration":{"userProfilePK":121376460,"calendarDate":"2024-04-30","avgWakingRespirationValue":15.0,"highestRespirationValue":18.0,"lowestRespirationValue":13.0,"latestRespirationValue":18.0,"latestRespirationTimeGMT":"2024-04-30T14:54:00.0"}},{"userProfilePK":121376460,"calendarDate":"2024-05-03","uuid":"fee0c71fdcf64d34a57b13e608757575","durationInMilliseconds":72960000,"totalKilocalories":2565.0,"activeKilocalories":340.0,"bmrKilocalories":2225.0,"wellnessKilocalories":2565.0,"remainingKilocalories":2565.0,"wellnessTotalKilocalories":2565.0,"wellnessActiveKilocalories":340.0,"totalSteps":4770,"dailyStepGoal":11120,"totalDistanceMeters":5195,"wellnessDistanceMeters":5195,"wellnessStartTimeGmt":"2024-05-02T21:00:00.0","wellnessEndTimeGmt":"2024-05-03T17:16:00.0","wellnessStartTimeLocal":"2024-05-03T00:00:00.0","wellnessEndTimeLocal":"2024-05-03T20:16:00.0","highlyActiveSeconds":2175,"activeSeconds":879,"moderateIntensityMinutes":9,"vigorousIntensityMinutes":16,"isVigorousDay":true,"userIntensityMinutesGoal":150,"userFloorsAscendedGoal":10,"minHeartRate":65,"maxHeartRate":182,"restingHeartRate":89,"currentDayRestingHeartRate":84,"restingHeartRateTimestamp":1714756560000,"includesWellnessData":true,"includesActivityData":false,"includesCalorieConsumedData":false,"includesSingleMeasurement":false,"includesContinuousMeasurement":false,"includesAllDayPulseOx":false,"includesSleepPulseOx":false,"source":0,"allDayStress":{"userProfilePK":121376460,"calendarDate":"2024-05-03","aggregatorList":[{"type":"TOTAL","averageStressLevel":53,"averageStressLevelIntensity":50,"maxStressLevel":80,"stressIntensityCount":83,"stressOffWristCount":5,"stressTooActiveCount":201,"totalStressCount":289,"totalStressIntensity":-2849,"stressDuration":4560,"restDuration":420,"activityDuration":12060,"uncategorizedDuration":300,"totalDuration":17340,"lowDuration":1200,"mediumDuration":3240,"highDuration":120},{"type":"AWAKE","averageStressLevel":53,"averageStressLevelIntensity":50,"maxStressLevel":80,"stressIntensityCount":83,"stressOffWristCount":5,"stressTooActiveCount":201,"totalStressCount":289,"totalStressIntensity":-2849,"stressDuration":4560,"restDuration":420,"activityDuration":12060,"uncategorizedDuration":300,"totalDuration":17340,"lowDuration":1200,"mediumDuration":3240,"highDuration":120},{"type":"ASLEEP","averageStressLevel":-2,"averageStressLevelIntensity":-2}]},"bodyBattery":{"userProfilePK":121376460,"calendarDate":"2024-05-03","chargedValue":1,"drainedValue":22,"bodyBatteryVersion":2.0,"bodyBatteryStatList":[{"bodyBatteryStatType":"HIGHEST","statsValue":50,"bodyBatteryStatus":"MEASURED","statTimestamp":"2024-05-03T12:16:00.0"},{"bodyBatteryStatType":"LOWEST","statsValue":28,"bodyBatteryStatus":"MEASURED","statTimestamp":"2024-05-03T16:19:00.0"},{"bodyBatteryStatType":"MOSTRECENT","statsValue":28,"bodyBatteryStatus":"MEASURED","statTimestamp":"2024-05-03T17:16:00.0"},{"bodyBatteryStatType":"ENDOFDAY","statsValue":28,"bodyBatteryStatus":"MEASURED","statTimestamp":"2024-05-03T17:16:00.0"},{"bodyBatteryStatType":"STARTOFDAY","statsValue":49,"bodyBatteryStatus":"RESET","statTimestamp":"2024-05-03T12:08:00.0"}]},"minAvgHeartRate":67,"maxAvgHeartRate":182,"version":72960000,"respiration":{"userProfilePK":121376460,"calendarDate":"2024-05-03","avgWakingRespirationValue":16.0,"highestRespirationValue":20.0,"lowestRespirationValue":13.0,"latestRespirationValue":18.0,"latestRespirationTimeGMT":"2024-05-03T17:16:00.0"}},{"userProfilePK":121376460,"calendarDate":"2024-05-04","uuid":"a9ee46ad5ccd467e8b324cdcd02b58d3","durationInMilliseconds":42900000,"totalKilocalories":1320.0,"activeKilocalories":12.0,"bmrKilocalories":1308.0,"wellnessKilocalories":1320.0,"remainingKilocalories":1320.0,"wellnessTotalKilocalories":1320.0,"wellnessActiveKilocalories":12.0,"totalSteps":60,"dailyStepGoal":11120,"totalDistanceMeters":52,"wellnessDistanceMeters":52,"wellnessStartTimeGmt":"2024-05-03T21:00:00.0","wellnessEndTimeGmt":"2024-05-04T08:55:00.0","wellnessStartTimeLocal":"2024-05-04T00:00:00.0","wellnessEndTimeLocal":"2024-05-04T11:55:00.0","highlyActiveSeconds":60,"activeSeconds":240,"moderateIntensityMinutes":0,"vigorousIntensityMinutes":0,"isVigorousDay":false,"userIntensityMinutesGoal":150,"userFloorsAscendedGoal":10,"minHeartRate":54,"maxHeartRate":109,"restingHeartRate":80,"currentDayRestingHeartRate":57,"restingHeartRateTimestamp":1714812900000,"includesWellnessData":true,"includesActivityData":false,"includesCalorieConsumedData":false,"includesSingleMeasurement":false,"includesContinuousMeasurement":false,"includesAllDayPulseOx":false,"includesSleepPulseOx":false,"source":0,"allDayStress":{"userProfilePK":121376460,"calendarDate":"2024-05-04","aggregatorList":[{"type":"TOTAL","averageStressLevel":19,"averageStressLevelIntensity":18,"maxStressLevel":92,"stressIntensityCount":476,"stressOffWristCount":70,"stressTooActiveCount":1,"totalStressCount":547,"totalStressIntensity":14184,"stressDuration":1860,"restDuration":26700,"activityDuration":60,"uncategorizedDuration":4200,"totalDuration":32820,"lowDuration":780,"mediumDuration":600,"highDuration":480},{"type":"AWAKE","averageStressLevel":21,"averageStressLevelIntensity":17,"maxStressLevel":92,"stressIntensityCount":130,"stressOffWristCount":9,"stressTooActiveCount":1,"totalStressCount":140,"totalStressIntensity":4540,"stressDuration":1440,"restDuration":6360,"activityDuration":60,"uncategorizedDuration":540,"totalDuration":8400,"lowDuration":360,"mediumDuration":600,"highDuration":480},{"type":"ASLEEP","averageStressLevel":18,"averageStressLevelIntensity":18,"maxStressLevel":48,"stressIntensityCount":346,"stressOffWristCount":61,"totalStressCount":407,"totalStressIntensity":9644,"stressDuration":420,"restDuration":20340,"uncategorizedDuration":3660,"totalDuration":24420,"lowDuration":420}]},"bodyBattery":{"userProfilePK":121376460,"calendarDate":"2024-05-04","chargedValue":45,"drainedValue":5,"bodyBatteryVersion":2.0,"bodyBatteryStatList":[{"bodyBatteryStatType":"HIGHEST","statsValue":87,"bodyBatteryStatus":"MEASURED","statTimestamp":"2024-05-04T08:43:00.0"},{"bodyBatteryStatType":"LOWEST","statsValue":46,"bodyBatteryStatus":"MEASURED","statTimestamp":"2024-05-03T23:55:00.0"},{"bodyBatteryStatType":"MOSTRECENT","statsValue":87,"bodyBatteryStatus":"MEASURED","statTimestamp":"2024-05-04T08:55:00.0"},{"bodyBatteryStatType":"ENDOFDAY","statsValue":87,"bodyBatteryStatus":"MEASURED","statTimestamp":"2024-05-04T08:55:00.0"},{"bodyBatteryStatType":"STARTOFDAY","statsValue":47,"bodyBatteryStatus":"RESET","statTimestamp":"2024-05-03T23:49:00.0"},{"bodyBatteryStatType":"DURINGSLEEP","statsValue":33,"bodyBatteryStatus":"MEASURED","statTimestamp":"2024-05-04T08:32:00.0"}]},"minAvgHeartRate":55,"maxAvgHeartRate":101,"version":42900000,"respiration":{"userProfilePK":121376460,"calendarDate":"2024-05-04","avgWakingRespirationValue":14.0,"highestRespirationValue":19.0,"lowestRespirationValue":12.0,"latestRespirationValue":14.0,"latestRespirationTimeGMT":"2024-05-04T08:55:00.0"}},{"userProfilePK":121376460,"calendarDate":"2024-06-24","uuid":"5b80517715074408a491ea08984beea9","durationInMilliseconds":86400000,"totalKilocalories":2747.0,"activeKilocalories":111.0,"bmrKilocalories":2636.0,"wellnessKilocalories":2747.0,"remainingKilocalories":2747.0,"wellnessTotalKilocalories":2747.0,"wellnessActiveKilocalories":111.0,"totalSteps":1657,"dailyStepGoal":11120,"totalDistanceMeters":1813,"wellnessDistanceMeters":1813,"wellnessStartTimeGmt":"2024-06-23T21:00:00.0","wellnessEndTimeGmt":"2024-06-24T21:00:00.0","wellnessStartTimeLocal":"2024-06-24T00:00:00.0","wellnessEndTimeLocal":"2024-06-25T00:00:00.0","highlyActiveSeconds":419,"activeSeconds":690,"moderateIntensityMinutes":3,"vigorousIntensityMinutes":1,"isVigorousDay":false,"userIntensityMinutesGoal":150,"userFloorsAscendedGoal":10,"minHeartRate":80,"maxHeartRate":149,"includesWellnessData":true,"includesActivityData":false,"includesCalorieConsumedData":false,"includesSingleMeasurement":false,"includesContinuousMeasurement":false,"includesAllDayPulseOx":false,"includesSleepPulseOx":false,"source":0,"allDayStress":{"userProfilePK":121376460,"calendarDate":"2024-06-24","aggregatorList":[{"type":"TOTAL","averageStressLevel":-1,"averageStressLevelIntensity":-1,"stressOffWristCount":1,"stressTooActiveCount":19,"totalStressCount":20,"activityDuration":1140,"uncategorizedDuration":60,"totalDuration":1200},{"type":"AWAKE","averageStressLevel":-1,"averageStressLevelIntensity":-1,"stressOffWristCount":1,"stressTooActiveCount":19,"totalStressCount":20,"activityDuration":1140,"uncategorizedDuration":60,"totalDuration":1200},{"type":"ASLEEP","averageStressLevel":-2,"averageStressLevelIntensity":-2}]},"bodyBattery":{"userProfilePK":121376460,"calendarDate":"2024-06-24","chargedValue":0,"drainedValue":1,"bodyBatteryVersion":2.0,"bodyBatteryStatList":[{"bodyBatteryStatType":"HIGHEST","statsValue":19,"bodyBatteryStatus":"RESET","statTimestamp":"2024-06-24T20:41:00.0"},{"bodyBatteryStatType":"LOWEST","statsValue":18,"bodyBatteryStatus":"MEASURED","statTimestamp":"2024-06-24T20:53:00.0"},{"bodyBatteryStatType":"MOSTRECENT","statsValue":18,"bodyBatteryStatus":"MEASURED","statTimestamp":"2024-06-24T21:00:00.0"},{"bodyBatteryStatType":"ENDOFDAY","statsValue":18,"bodyBatteryStatus":"MEASURED","statTimestamp":"2024-06-24T21:00:00.0"},{"bodyBatteryStatType":"STARTOFDAY","statsValue":19,"bodyBatteryStatus":"RESET","statTimestamp":"2024-06-24T20:41:00.0"}]},"minAvgHeartRate":80,"maxAvgHeartRate":142,"version":86340003},{"userProfilePK":121376460,"calendarDate":"2024-06-25","uuid":"6e5675aa50f54a7f845d0f5164d95f66","durationInMilliseconds":41400000,"totalKilocalories":1647.0,"activeKilocalories":384.0,"bmrKilocalories":1263.0,"wellnessKilocalories":1647.0,"remainingKilocalories":1647.0,"wellnessTotalKilocalories":1647.0,"wellnessActiveKilocalories":384.0,"totalSteps":5377,"dailyStepGoal":10180,"totalDistanceMeters":6189,"wellnessDistanceMeters":6189,"wellnessStartTimeGmt":"2024-06-24T21:00:00.0","wellnessEndTimeGmt":"2024-06-25T08:30:00.0","wellnessStartTimeLocal":"2024-06-25T00:00:00.0","wellnessEndTimeLocal":"2024-06-25T11:30:00.0","highlyActiveSeconds":1620,"activeSeconds":1199,"moderateIntensityMinutes":21,"vigorousIntensityMinutes":21,"isVigorousDay":true,"userIntensityMinutesGoal":150,"userFloorsAscendedGoal":10,"minHeartRate":52,"maxHeartRate":170,"restingHeartRate":70,"currentDayRestingHeartRate":54,"restingHeartRateTimestamp":1719304200000,"includesWellnessData":true,"includesActivityData":false,"includesCalorieConsumedData":false,"includesSingleMeasurement":false,"includesContinuousMeasurement":false,"includesAllDayPulseOx":false,"includesSleepPulseOx":false,"source":0,"allDayStress":{"userProfilePK":121376460,"calendarDate":"2024-06-25","aggregatorList":[{"type":"TOTAL","averageStressLevel":17,"averageStressLevelIntensity":17,"maxStressLevel":81,"stressIntensityCount":519,"stressOffWristCount":32,"stressTooActiveCount":44,"totalStressCount":595,"totalStressIntensity":18235,"stressDuration":2880,"restDuration":28260,"activityDuration":2640,"uncategorizedDuration":1920,"totalDuration":35700,"lowDuration":2280,"mediumDuration":480,"highDuration":120},{"type":"AWAKE","averageStressLevel":25,"averageStressLevelIntensity":22,"maxStressLevel":81,"stressIntensityCount":154,"stressOffWristCount":17,"stressTooActiveCount":44,"totalStressCount":215,"totalStressIntensity":2189,"stressDuration":2640,"restDuration":6600,"activityDuration":2640,"uncategorizedDuration":1020,"totalDuration":12900,"lowDuration":2100,"mediumDuration":420,"highDuration":120},{"type":"ASLEEP","averageStressLevel":14,"averageStressLevelIntensity":15,"maxStressLevel":51,"stressIntensityCount":365,"stressOffWristCount":15,"totalStressCount":380,"totalStressIntensity":16046,"stressDuration":240,"restDuration":21660,"uncategorizedDuration":900,"totalDuration":22800,"lowDuration":180,"mediumDuration":60}]},"bodyBattery":{"userProfilePK":121376460,"calendarDate":"2024-06-25","chargedValue":73,"drainedValue":5,"bodyBatteryVersion":2.0,"bodyBatteryStatList":[{"bodyBatteryStatType":"HIGHEST","statsValue":85,"bodyBatteryStatus":"MEASURED","statTimestamp":"2024-06-25T07:46:00.0"},{"bodyBatteryStatType":"LOWEST","statsValue":16,"bodyBatteryStatus":"MEASURED","statTimestamp":"2024-06-24T21:36:00.0"},{"bodyBatteryStatType":"MOSTRECENT","statsValue":85,"bodyBatteryStatus":"MEASURED","statTimestamp":"2024-06-25T08:30:00.0"},{"bodyBatteryStatType":"ENDOFDAY","statsValue":85,"bodyBatteryStatus":"MEASURED","statTimestamp":"2024-06-25T08:30:00.0"},{"bodyBatteryStatType":"STARTOFDAY","statsValue":17,"bodyBatteryStatus":"MEASURED","statTimestamp":"2024-06-24T21:01:00.0"},{"bodyBatteryStatType":"DURINGSLEEP","statsValue":52,"bodyBatteryStatus":"MEASURED","statTimestamp":"2024-06-25T07:59:00.0"}]},"minAvgHeartRate":52,"maxAvgHeartRate":168,"version":41400000,"respiration":{"userProfilePK":121376460,"calendarDate":"2024-06-25","avgWakingRespirationValue":15.0,"highestRespirationValue":26.0,"lowestRespirationValue":12.0,"latestRespirationValue":13.0,"latestRespirationTimeGMT":"2024-06-25T08:30:00.0"}},{"userProfilePK":121376460,"calendarDate":"2024-06-26","uuid":"e8353e8eb2ad4e569011a9c32a9d4573","durationInMilliseconds":81480000,"totalKilocalories":3102.0,"activeKilocalories":617.0,"bmrKilocalories":2485.0,"wellnessKilocalories":3102.0,"remainingKilocalories":3102.0,"wellnessTotalKilocalories":3102.0,"wellnessActiveKilocalories":617.0,"totalSteps":17740,"dailyStepGoal":10180,"totalDistanceMeters":15280,"wellnessDistanceMeters":15280,"wellnessStartTimeGmt":"2024-06-25T21:00:00.0","wellnessEndTimeGmt":"2024-06-26T19:38:00.0","wellnessStartTimeLocal":"2024-06-26T00:00:00.0","wellnessEndTimeLocal":"2024-06-26T22:38:00.0","highlyActiveSeconds":240,"activeSeconds":11597,"moderateIntensityMinutes":0,"vigorousIntensityMinutes":0,"isVigorousDay":false,"userIntensityMinutesGoal":150,"userFloorsAscendedGoal":10,"minHeartRate":52,"maxHeartRate":118,"restingHeartRate":70,"currentDayRestingHeartRate":54,"restingHeartRateTimestamp":1719430680000,"includesWellnessData":true,"includesActivityData":false,"includesCalorieConsumedData":false,"includesSingleMeasurement":false,"includesContinuousMeasurement":false,"includesAllDayPulseOx":false,"includesSleepPulseOx":false,"source":0,"allDayStress":{"userProfilePK":121376460,"calendarDate":"2024-06-26","aggregatorList":[{"type":"TOTAL","averageStressLevel":15,"averageStressLevelIntensity":14,"maxStressLevel":87,"stressIntensityCount":478,"stressOffWristCount":87,"stressTooActiveCount":185,"totalStressCount":750,"totalStressIntensity":21750,"stressDuration":2820,"restDuration":25860,"activityDuration":11100,"uncategorizedDuration":5220,"totalDuration":45000,"lowDuration":1980,"mediumDuration":780,"highDuration":60},{"type":"AWAKE","averageStressLevel":34,"averageStressLevelIntensity":26,"maxStressLevel":87,"stressIntensityCount":61,"stressOffWristCount":25,"stressTooActiveCount":183,"totalStressCount":269,"totalStressIntensity":-132,"stressDuration":2040,"restDuration":1620,"activityDuration":10980,"uncategorizedDuration":1500,"totalDuration":16140,"lowDuration":1320,"mediumDuration":660,"highDuration":60},{"type":"ASLEEP","averageStressLevel":12,"averageStressLevelIntensity":12,"maxStressLevel":54,"stressIntensityCount":417,"stressOffWristCount":62,"stressTooActiveCount":2,"totalStressCount":481,"totalStressIntensity":21882,"stressDuration":780,"restDuration":24240,"activityDuration":120,"uncategorizedDuration":3720,"totalDuration":28860,"lowDuration":660,"mediumDuration":120}]},"bodyBattery":{"userProfilePK":121376460,"calendarDate":"2024-06-26","chargedValue":56,"drainedValue":64,"bodyBatteryVersion":2.0,"bodyBatteryStatList":[{"bodyBatteryStatType":"HIGHEST","statsValue":87,"bodyBatteryStatus":"MEASURED","statTimestamp":"2024-06-26T06:15:00.0"},{"bodyBatteryStatType":"LOWEST","statsValue":24,"bodyBatteryStatus":"MEASURED","statTimestamp":"2024-06-26T19:14:00.0"},{"bodyBatteryStatType":"MOSTRECENT","statsValue":24,"bodyBatteryStatus":"MEASURED","statTimestamp":"2024-06-26T19:38:00.0"},{"bodyBatteryStatType":"ENDOFDAY","statsValue":24,"bodyBatteryStatus":"MEASURED","statTimestamp":"2024-06-26T19:38:00.0"},{"bodyBatteryStatType":"STARTOFDAY","statsValue":32,"bodyBatteryStatus":"MEASURED","statTimestamp":"2024-06-25T22:26:00.0"},{"bodyBatteryStatType":"DURINGSLEEP","statsValue":54,"bodyBatteryStatus":"MEASURED","statTimestamp":"2024-06-26T07:27:00.0"}]},"minAvgHeartRate":52,"maxAvgHeartRate":115,"version":81480000,"respiration":{"userProfilePK":121376460,"calendarDate":"2024-06-26","avgWakingRespirationValue":15.0,"highestRespirationValue":21.0,"lowestRespirationValue":12.0,"latestRespirationValue":14.0,"latestRespirationTimeGMT":"2024-06-26T18:54:00.0"}},{"userProfilePK":121376460,"calendarDate":"2024-06-30","uuid":"c1564411b7d24ae8bbebfb613103d006","durationInMilliseconds":80340000,"totalKilocalories":2458.0,"activeKilocalories":7.0,"bmrKilocalories":2451.0,"wellnessKilocalories":2458.0,"remainingKilocalories":2458.0,"wellnessTotalKilocalories":2458.0,"wellnessActiveKilocalories":7.0,"totalSteps":146,"dailyStepGoal":10940,"totalDistanceMeters":126,"wellnessDistanceMeters":126,"wellnessStartTimeGmt":"2024-06-29T21:00:00.0","wellnessEndTimeGmt":"2024-06-30T19:19:00.0","wellnessStartTimeLocal":"2024-06-30T00:00:00.0","wellnessEndTimeLocal":"2024-06-30T22:19:00.0","highlyActiveSeconds":0,"activeSeconds":113,"moderateIntensityMinutes":0,"vigorousIntensityMinutes":0,"isVigorousDay":false,"userIntensityMinutesGoal":150,"userFloorsAscendedGoal":10,"minHeartRate":97,"maxHeartRate":97,"includesWellnessData":true,"includesActivityData":false,"includesCalorieConsumedData":false,"includesSingleMeasurement":false,"includesContinuousMeasurement":false,"includesAllDayPulseOx":false,"includesSleepPulseOx":false,"source":0,"allDayStress":{"userProfilePK":121376460,"calendarDate":"2024-06-30","aggregatorList":[{"type":"TOTAL","averageStressLevel":-2,"averageStressLevelIntensity":-2,"stressTooActiveCount":2,"totalStressCount":2,"activityDuration":120,"totalDuration":120},{"type":"AWAKE","averageStressLevel":-2,"averageStressLevelIntensity":-2,"stressTooActiveCount":2,"totalStressCount":2,"activityDuration":120,"totalDuration":120},{"type":"ASLEEP","averageStressLevel":-2,"averageStressLevelIntensity":-2}]},"bodyBattery":{"userProfilePK":121376460,"calendarDate":"2024-06-30","chargedValue":0,"drainedValue":0,"bodyBatteryVersion":2.0,"bodyBatteryStatList":[{"bodyBatteryStatType":"HIGHEST","statsValue":23,"bodyBatteryStatus":"RESET","statTimestamp":"2024-06-30T19:18:00.0"},{"bodyBatteryStatType":"LOWEST","statsValue":23,"bodyBatteryStatus":"RESET","statTimestamp":"2024-06-30T19:18:00.0"},{"bodyBatteryStatType":"MOSTRECENT","statsValue":23,"bodyBatteryStatus":"MEASURED","statTimestamp":"2024-06-30T19:19:00.0"},{"bodyBatteryStatType":"ENDOFDAY","statsValue":23,"bodyBatteryStatus":"MEASURED","statTimestamp":"2024-06-30T19:19:00.0"},{"bodyBatteryStatType":"STARTOFDAY","statsValue":23,"bodyBatteryStatus":"RESET","statTimestamp":"2024-06-30T19:18:00.0"}]},"minAvgHeartRate":97,"maxAvgHeartRate":97,"version":80340000},{"userProfilePK":121376460,"calendarDate":"2024-07-07","uuid":"c1fb0242deb846cdadaa0e03e46d20a1","durationInMilliseconds":86400000,"totalKilocalories":3442.0,"activeKilocalories":806.0,"bmrKilocalories":2636.0,"wellnessKilocalories":3442.0,"remainingKilocalories":3442.0,"wellnessTotalKilocalories":3442.0,"wellnessActiveKilocalories":806.0,"totalSteps":10367,"dailyStepGoal":10940,"totalDistanceMeters":12639,"wellnessDistanceMeters":12639,"wellnessStartTimeGmt":"2024-07-06T21:00:00.0","wellnessEndTimeGmt":"2024-07-07T21:00:00.0","wellnessStartTimeLocal":"2024-07-07T00:00:00.0","wellnessEndTimeLocal":"2024-07-08T00:00:00.0","highlyActiveSeconds":3893,"activeSeconds":1387,"moderateIntensityMinutes":15,"vigorousIntensityMinutes":53,"isVigorousDay":true,"userIntensityMinutesGoal":150,"userFloorsAscendedGoal":10,"minHeartRate":83,"maxHeartRate":152,"restingHeartRate":63,"currentDayRestingHeartRate":66,"restingHeartRateTimestamp":1720386000000,"includesWellnessData":true,"includesActivityData":false,"includesCalorieConsumedData":false,"includesSingleMeasurement":false,"includesContinuousMeasurement":false,"includesAllDayPulseOx":false,"includesSleepPulseOx":false,"source":0,"allDayStress":{"userProfilePK":121376460,"calendarDate":"2024-07-07","aggregatorList":[{"type":"TOTAL","averageStressLevel":53,"averageStressLevelIntensity":52,"maxStressLevel":53,"stressIntensityCount":1,"stressTooActiveCount":85,"totalStressCount":86,"totalStressIntensity":-37,"stressDuration":60,"activityDuration":5100,"totalDuration":5160,"mediumDuration":60},{"type":"AWAKE","averageStressLevel":53,"averageStressLevelIntensity":52,"maxStressLevel":53,"stressIntensityCount":1,"stressTooActiveCount":85,"totalStressCount":86,"totalStressIntensity":-37,"stressDuration":60,"activityDuration":5100,"totalDuration":5160,"mediumDuration":60},{"type":"ASLEEP","averageStressLevel":-2,"averageStressLevelIntensity":-2}]},"bodyBattery":{"userProfilePK":121376460,"calendarDate":"2024-07-07","chargedValue":0,"drainedValue":17,"bodyBatteryVersion":2.0,"bodyBatteryStatList":[{"bodyBatteryStatType":"HIGHEST","statsValue":22,"bodyBatteryStatus":"RESET","statTimestamp":"2024-07-07T19:34:00.0"},{"bodyBatteryStatType":"LOWEST","statsValue":5,"bodyBatteryStatus":"MEASURED","statTimestamp":"2024-07-07T20:38:00.0"},{"bodyBatteryStatType":"MOSTRECENT","statsValue":5,"bodyBatteryStatus":"MEASURED","statTimestamp":"2024-07-07T21:00:00.0"},{"bodyBatteryStatType":"ENDOFDAY","statsValue":5,"bodyBatteryStatus":"MEASURED","statTimestamp":"2024-07-07T21:00:00.0"},{"bodyBatteryStatType":"STARTOFDAY","statsValue":22,"bodyBatteryStatus":"RESET","statTimestamp":"2024-07-07T19:34:00.0"}]},"minAvgHeartRate":83,"maxAvgHeartRate":150,"version":85980002,"respiration":{"userProfilePK":121376460,"calendarDate":"2024-07-07","avgWakingRespirationValue":14.0,"highestRespirationValue":14.0,"lowestRespirationValue":14.0,"latestRespirationValue":14.0,"latestRespirationTimeGMT":"2024-07-07T19:39:00.0"}},{"userProfilePK":121376460,"calendarDate":"2024-07-08","uuid":"56758818980d4d439066579cc1e9a09e","durationInMilliseconds":2460000,"totalKilocalories":132.0,"activeKilocalories":57.0,"bmrKilocalories":75.0,"wellnessKilocalories":132.0,"remainingKilocalories":132.0,"wellnessTotalKilocalories":132.0,"wellnessActiveKilocalories":57.0,"totalSteps":2694,"dailyStepGoal":10890,"totalDistanceMeters":2317,"wellnessDistanceMeters":2317,"wellnessStartTimeGmt":"2024-07-07T21:00:00.0","wellnessEndTimeGmt":"2024-07-07T21:41:00.0","wellnessStartTimeLocal":"2024-07-08T00:00:00.0","wellnessEndTimeLocal":"2024-07-08T00:41:00.0","highlyActiveSeconds":0,"activeSeconds":1777,"moderateIntensityMinutes":0,"vigorousIntensityMinutes":0,"isVigorousDay":false,"userIntensityMinutesGoal":150,"userFloorsAscendedGoal":10,"minHeartRate":77,"maxHeartRate":111,"restingHeartRate":59,"currentDayRestingHeartRate":62,"restingHeartRateTimestamp":1720388460000,"includesWellnessData":true,"includesActivityData":false,"includesCalorieConsumedData":false,"includesSingleMeasurement":false,"includesContinuousMeasurement":false,"includesAllDayPulseOx":false,"includesSleepPulseOx":false,"source":0,"allDayStress":{"userProfilePK":121376460,"calendarDate":"2024-07-08","aggregatorList":[{"type":"TOTAL","averageStressLevel":-1,"averageStressLevelIntensity":-1,"stressOffWristCount":11,"stressTooActiveCount":29,"totalStressCount":40,"activityDuration":1740,"uncategorizedDuration":660,"totalDuration":2400},{"type":"AWAKE","averageStressLevel":-1,"averageStressLevelIntensity":-1,"stressOffWristCount":11,"stressTooActiveCount":29,"totalStressCount":40,"activityDuration":1740,"uncategorizedDuration":660,"totalDuration":2400},{"type":"ASLEEP","averageStressLevel":-2,"averageStressLevelIntensity":-2}]},"bodyBattery":{"userProfilePK":121376460,"calendarDate":"2024-07-08","chargedValue":0,"drainedValue":0,"bodyBatteryVersion":2.0,"bodyBatteryStatList":[{"bodyBatteryStatType":"HIGHEST","statsValue":5,"bodyBatteryStatus":"MEASURED","statTimestamp":"2024-07-07T21:01:00.0"},{"bodyBatteryStatType":"LOWEST","statsValue":5,"bodyBatteryStatus":"MEASURED","statTimestamp":"2024-07-07T21:01:00.0"},{"bodyBatteryStatType":"MOSTRECENT","statsValue":5,"bodyBatteryStatus":"MEASURED","statTimestamp":"2024-07-07T21:41:00.0"},{"bodyBatteryStatType":"ENDOFDAY","statsValue":5,"bodyBatteryStatus":"MEASURED","statTimestamp":"2024-07-07T21:41:00.0"},{"bodyBatteryStatType":"STARTOFDAY","statsValue":5,"bodyBatteryStatus":"MEASURED","statTimestamp":"2024-07-07T21:01:00.0"}]},"minAvgHeartRate":78,"maxAvgHeartRate":110,"version":2460000,"respiration":{"userProfilePK":121376460,"calendarDate":"2024-07-08","avgWakingRespirationValue":20.0,"highestRespirationValue":21.0,"lowestRespirationValue":18.0,"latestRespirationValue":19.0,"latestRespirationTimeGMT":"2024-07-07T21:41:00.0"}},{"userProfilePK":121376460,"calendarDate":"2024-07-13","uuid":"cbef5839e87b408f8a69ce19228108ea","durationInMilliseconds":86400000,"totalKilocalories":2636.0,"activeKilocalories":0.0,"bmrKilocalories":2636.0,"wellnessKilocalories":2636.0,"remainingKilocalories":2636.0,"wellnessTotalKilocalories":2636.0,"wellnessActiveKilocalories":0.0,"dailyStepGoal":10890,"wellnessStartTimeGmt":"2024-07-12T21:00:00.0","wellnessEndTimeGmt":"2024-07-13T21:00:00.0","wellnessStartTimeLocal":"2024-07-13T00:00:00.0","wellnessEndTimeLocal":"2024-07-14T00:00:00.0","highlyActiveSeconds":0,"activeSeconds":0,"moderateIntensityMinutes":0,"vigorousIntensityMinutes":0,"isVigorousDay":false,"userIntensityMinutesGoal":150,"userFloorsAscendedGoal":10,"includesWellnessData":true,"includesActivityData":false,"includesCalorieConsumedData":false,"includesSingleMeasurement":false,"includesContinuousMeasurement":false,"includesAllDayPulseOx":false,"includesSleepPulseOx":false,"source":0,"allDayStress":{"userProfilePK":121376460,"calendarDate":"2024-07-13","aggregatorList":[{"type":"TOTAL","averageStressLevel":-2,"averageStressLevelIntensity":-2,"stressTooActiveCount":121,"totalStressCount":121,"activityDuration":7260,"totalDuration":7260},{"type":"AWAKE","averageStressLevel":-2,"averageStressLevelIntensity":-2,"stressTooActiveCount":121,"totalStressCount":121,"activityDuration":7260,"totalDuration":7260},{"type":"ASLEEP","averageStressLevel":-2,"averageStressLevelIntensity":-2}]},"version":1},{"userProfilePK":121376460,"calendarDate":"2024-07-14","uuid":"0c9fcaa63c90448f850feeb9c8902a52","durationInMilliseconds":3600000,"totalKilocalories":109.0,"activeKilocalories":0.0,"bmrKilocalories":109.0,"wellnessKilocalories":109.0,"remainingKilocalories":109.0,"wellnessTotalKilocalories":109.0,"wellnessActiveKilocalories":0.0,"dailyStepGoal":10890,"wellnessStartTimeGmt":"2024-07-13T21:00:00.0","wellnessEndTimeGmt":"2024-07-13T22:00:00.0","wellnessStartTimeLocal":"2024-07-14T00:00:00.0","wellnessEndTimeLocal":"2024-07-14T01:00:00.0","highlyActiveSeconds":0,"activeSeconds":0,"moderateIntensityMinutes":0,"vigorousIntensityMinutes":0,"isVigorousDay":false,"userIntensityMinutesGoal":150,"userFloorsAscendedGoal":10,"includesWellnessData":true,"includesActivityData":false,"includesCalorieConsumedData":false,"includesSingleMeasurement":false,"includesContinuousMeasurement":false,"includesAllDayPulseOx":false,"includesSleepPulseOx":false,"source":0,"allDayStress":{"userProfilePK":121376460,"calendarDate":"2024-07-14","aggregatorList":[{"type":"TOTAL","averageStressLevel":-2,"averageStressLevelIntensity":-2,"stressTooActiveCount":60,"totalStressCount":60,"activityDuration":3600,"totalDuration":3600},{"type":"AWAKE","averageStressLevel":-2,"averageStressLevelIntensity":-2,"stressTooActiveCount":60,"totalStressCount":60,"activityDuration":3600,"totalDuration":3600},{"type":"ASLEEP","averageStressLevel":-2,"averageStressLevelIntensity":-2}]},"version":3600000}]