[{"userProfilePK":121376460,"calendarDate":"2024-04-03","uuid":"4824f93ce8684c01ab08cf68b8f0b656","durationInMilliseconds":76680000,"totalKilocalories":2339.0,"activeKilocalories":0.0,"bmrKilocalories":2339.0,"wellnessKilocalories":2339.0,"remainingKilocalories":2339.0,"wellnessTotalKilocalories":2339.0,"wellnessActiveKilocalories":0.0,"dailyStepGoal":10000,"wellnessStartTimeGmt":"2024-04-02T21:00:00.0","wellnessEndTimeGmt":"2024-04-03T18:18:00.0","wellnessStartTimeLocal":"2024-04-03T00:00:00.0","wellnessEndTimeLocal":"2024-04-03T21:18:00.0","highlyActiveSeconds":0,"activeSeconds":0,"moderateIntensityMinutes":0,"vigorousIntensityMinutes":0,"isVigorousDay":false,"userIntensityMinutesGoal":150,"userFloorsAscendedGoal":10,"includesWellnessData":true,"includesActivityData":false,"includesCalorieConsumedData":false,"includesSingleMeasurement":false,"includesContinuousMeasurement":false,"includesAllDayPulseOx":false,"includesSleepPulseOx":false,"source":0,"allDayStress":{"userProfilePK":121376460,"calendarDate":"2024-04-03","aggregatorList":[{"type":"TOTAL","averageStressLevel":72,"averageStressLevelIntensity":71,"maxStressLevel":72,"stressIntensityCount":1,"totalStressCount":1,"totalStressIntensity":-62,"stressDuration":60,"totalDuration":60,"mediumDuration":60},{"type":"AWAKE","averageStressLevel":72,"averageStressLevelIntensity":71,"maxStressLevel":72,"stressIntensityCount":1,"totalStressCount":1,"totalStressIntensity":-62,"stressDuration":60,"totalDuration":60,"mediumDuration":60},{"type":"ASLEEP","averageStressLevel":-2,"averageStressLevelIntensity":-2}]},"bodyBattery":{"userProfilePK":121376460,"calendarDate":"2024-04-03","bodyBatteryVersion":2.0,"bodyBatteryStatList":[{"bodyBatteryStatType":"HIGHEST","statsValue":26,"bodyBatteryStatus":"MEASURED","statTimestamp":"2024-04-03T18:18:00.0"},{"bodyBatteryStatType":"LOWEST","statsValue":26,"bodyBatteryStatus":"MEASURED","statTimestamp":"2024-04-03T18:18:00.0"},{"bodyBatteryStatType":"MOSTRECENT","statsValue":26,"bodyBatteryStatus":"MEASURED","statTimestamp":"2024-04-03T18:18:00.0"},{"bodyBatteryStatType":"ENDOFDAY","statsValue":26,"bodyBatteryStatus":"MEASURED","statTimestamp":"2024-04-03T18:18:00.0"},{"bodyBatteryStatType":"STARTOFDAY","statsValue":26,"bodyBatteryStatus":"MEASURED","statTimestamp":"2024-04-03T18:18:00.0"}]},"version":76680000,"respiration":{"userProfilePK":121376460,"calendarDate":"2024-04-03","avgWakingRespirationValue":14.0,"highestRespirationValue":14.0,"lowestRespirationValue":14.0,"latestRespirationValue":14.0,"latestRespirationTimeGMT":"2024-04-03T18:18:00.0"}},{"userProfilePK":121376460,"calendarDate":"2024-04-04","uuid":"d3ad94c21ab94aabb31cb0427b5c2abd","durationInMilliseconds":59160000,"totalKilocalories":2087.0,"activeKilocalories":283.0,"bmrKilocalories":1804.0,"wellnessKilocalories":2087.0,"remainingKilocalories":2087.0,"wellnessTotalKilocalories":2087.0,"wellnessActiveKilocalories":283.0,"totalSteps":5603,"dailyStepGoal":10000,"totalDistanceMeters":4818,"wellnessDistanceMeters":4818,"wellnessStartTimeGmt":"2024-04-03T21:00:00.0","wellnessEndTimeGmt":"2024-04-04T13:26:00.0","wellnessStartTimeLocal":"2024-04-04T00:00:00.0","wellnessEndTimeLocal":"2024-04-04T16:26:00.0","highlyActiveSeconds":0,"activeSeconds":3481,"moderateIntensityMinutes":0,"vigorousIntensityMinutes":0,"isVigorousDay":false,"userIntensityMinutesGoal":150,"userFloorsAscendedGoal":10,"minHeartRate":92,"maxHeartRate":121,"restingHeartRate":105,"currentDayRestingHeartRate":105,"restingHeartRateTimestamp":1712237160000,"includesWellnessData":true,"includesActivityData":false,"includesCalorieConsumedData":false,"includesSingleMeasurement":false,"includesContinuousMeasurement":false,"includesAllDayPulseOx":false,"includesSleepPulseOx":false,"source":0,"allDayStress":{"userProfilePK":121376460,"calendarDate":"2024-04-04","aggregatorList":[{"type":"TOTAL","averageStressLevel":-1,"averageStressLevelIntensity":-1,"stressOffWristCount":2,"stressTooActiveCount":57,"totalStressCount":59,"activityDuration":3420,"uncategorizedDuration":120,"totalDuration":3540},{"type":"AWAKE","averageStressLevel":-1,"averageStressLevelIntensity":-1,"stressOffWristCount":2,"stressTooActiveCount":57,"totalStressCount":59,"activityDuration":3420,"uncategorizedDuration":120,"totalDuration":3540},{"type":"ASLEEP","averageStressLevel":-2,"averageStressLevelIntensity":-2}]},"bodyBattery":{"userProfilePK":121376460,"calendarDate":"2024-04-04","chargedValue":0,"drainedValue":4,"bodyBatteryVersion":2.0,"bodyBatteryStatList":[{"bodyBatteryStatType":"HIGHEST","statsValue":48,"bodyBatteryStatus":"RESET","statTimestamp":"2024-04-04T12:30:00.0"},{"bodyBatteryStatType":"LOWEST","statsValue":44,"bodyBatteryStatus":"MEASURED","statTimestamp":"2024-04-04T13:18:00.0"},{"bodyBatteryStatType":"MOSTRECENT","statsValue":44,"bodyBatteryStatus":"MEASURED","statTimestamp":"2024-04-04T13:26:00.0"},{"bodyBatteryStatType":"ENDOFDAY","statsValue":44,"bodyBatteryStatus":"MEASURED","statTimestamp":"2024-04-04T13:26:00.0"},{"bodyBatteryStatType":"STARTOFDAY","statsValue":48,"bodyBatteryStatus":"RESET","statTimestamp":"2024-04-04T12:30:00.0"}]},"minAvgHeartRate":92,"maxAvgHeartRate":120,"version":59160000},{"userProfilePK":121376460,"calendarDate":"2024-04-05","uuid":"b0e7f696062a40b0853a9d454b882145","durationInMilliseconds":66180000,"totalKilocalories":2019.0,"activeKilocalories":0.0,"bmrKilocalories":2019.0,"wellnessKilocalories":2019.0,"remainingKilocalories":2019.0,"wellnessTotalKilocalories":2019.0,"wellnessActiveKilocalories":0.0,"totalSteps":11,"dailyStepGoal":10000,"totalDistanceMeters":9,"wellnessDistanceMeters":9,"wellnessStartTimeGmt":"2024-04-04T21:00:00.0","wellnessEndTimeGmt":"2024-04-05T15:23:00.0","wellnessStartTimeLocal":"2024-04-05T00:00:00.0","wellnessEndTimeLocal":"2024-04-05T18:23:00.0","highlyActiveSeconds":0,"activeSeconds":17,"moderateIntensityMinutes":0,"vigorousIntensityMinutes":0,"isVigorousDay":false,"userIntensityMinutesGoal":150,"userFloorsAscendedGoal":10,"minHeartRate":82,"maxHeartRate":91,"includesWellnessData":true,"includesActivityData":false,"includesCalorieConsumedData":false,"includesSingleMeasurement":false,"includesContinuousMeasurement":false,"includesAllDayPulseOx":false,"includesSleepPulseOx":false,"source":0,"allDayStress":{"userProfilePK":121376460,"calendarDate":"2024-04-05","aggregatorList":[{"type":"TOTAL","averageStressLevel":58,"averageStressLevelIntensity":58,"maxStressLevel":66,"stressIntensityCount":6,"totalStressCount":6,"totalStressIntensity":-263,"stressDuration":360,"totalDuration":360,"lowDuration":60,"mediumDuration":300},{"type":"AWAKE","averageStressLevel":58,"averageStressLevelIntensity":58,"maxStressLevel":66,"stressIntensityCount":6,"totalStressCount":6,"totalStressIntensity":-263,"stressDuration":360,"totalDuration":360,"lowDuration":60,"mediumDuration":300},{"type":"ASLEEP","averageStressLevel":-2,"averageStressLevelIntensity":-2}]},"bodyBattery":{"userProfilePK":121376460,"calendarDate":"2024-04-05","chargedValue":0,"drainedValue":0,"bodyBatteryVersion":2.0,"bodyBatteryStatList":[{"bodyBatteryStatType":"HIGHEST","statsValue":37,"bodyBatteryStatus":"RESET","statTimestamp":"2024-04-05T15:17:00.0"},{"bodyBatteryStatType":"LOWEST","statsValue":37,"bodyBatteryStatus":"RESET","statTimestamp":"2024-04-05T15:17:00.0"},{"bodyBatteryStatType":"MOSTRECENT","statsValue":37,"bodyBatteryStatus":"MEASURED","statTimestamp":"2024-04-05T15:23:00.0"},{"bodyBatteryStatType":"ENDOFDAY","statsValue":37,"bodyBatteryStatus":"MEASURED","statTimestamp":"2024-04-05T15:23:00.0"},{"bodyBatteryStatType":"STARTOFDAY","statsValue":37,"bodyBatteryStatus":"RESET","statTimestamp":"2024-04-05T15:17:00.0"}]},"minAvgHeartRate":82,"maxAvgHeartRate":89,"version":66180000,"respiration":{"userProfilePK":121376460,"calendarDate":"2024-04-05","avgWakingRespirationValue":15.0,"highestRespirationValue":15.0,"lowestRespirationValue":14.0,"latestRespirationValue":15.0,"latestRespirationTimeGMT":"2024-04-05T15:23:00.0"}},{"userProfilePK":121376460,"calendarDate":"2024-04-06","uuid":"d6309fa29ad547bf8015c3b0ae5a3f8b","durationInMilliseconds":53580000,"totalKilocalories":2592.0,"activeKilocalories":958.0,"bmrKilocalories":1634.0,"wellnessKilocalories":2592.0,"remainingKilocalories":2592.0,"wellnessTotalKilocalories":2592.0,"wellnessActiveKilocalories":958.0,"totalSteps":21206,"dailyStepGoal":10000,"totalDistanceMeters":18298,"wellnessDistanceMeters":18298,"wellnessStartTimeGmt":"2024-04-05T21:00:00.0","wellnessEndTimeGmt":"2024-04-06T11:53:00.0","wellnessStartTimeLocal":"2024-04-06T00:00:00.0","wellnessEndTimeLocal":"2024-04-06T14:53:00.0","highlyActiveSeconds":60,"activeSeconds":12851,"moderateIntensityMinutes":13,"vigorousIntensityMinutes":1,"isVigorousDay":false,"userIntensityMinutesGoal":150,"userFloorsAscendedGoal":10,"minHeartRate":81,"maxHeartRate":130,"restingHeartRate":104,"currentDayRestingHeartRate":103,"restingHeartRateTimestamp":1712404380000,"includesWellnessData":true,"includesActivityData":false,"includesCalorieConsumedData":false,"includesSingleMeasurement":false,"includesContinuousMeasurement":false,"includesAllDayPulseOx":false,"includesSleepPulseOx":false,"source":0,"allDayStress":{"userProfilePK":121376460,"calendarDate":"2024-04-06","aggregatorList":[{"type":"TOTAL","averageStressLevel":83,"averageStressLevelIntensity":82,"maxStressLevel":94,"stressIntensityCount":26,"stressOffWristCount":5,"stressTooActiveCount":210,"totalStressCount":241,"totalStressIntensity":-2013,"stressDuration":1560,"activityDuration":12600,"uncategorizedDuration":300,"totalDuration":14460,"mediumDuration":60,"highDuration":1500},{"type":"AWAKE","averageStressLevel":83,"averageStressLevelIntensity":82,"maxStressLevel":94,"stressIntensityCount":26,"stressOffWristCount":5,"stressTooActiveCount":210,"totalStressCount":241,"totalStressIntensity":-2013,"stressDuration":1560,"activityDuration":12600,"uncategorizedDuration":300,"totalDuration":14460,"mediumDuration":60,"highDuration":1500},{"type":"ASLEEP","averageStressLevel":-2,"averageStressLevelIntensity":-2}]},"bodyBattery":{"userProfilePK":121376460,"calendarDate":"2024-04-06","chargedValue":0,"drainedValue":28,"bodyBatteryVersion":2.0,"bodyBatteryStatList":[{"bodyBatteryStatType":"HIGHEST","statsValue":72,"bodyBatteryStatus":"RESET","statTimestamp":"2024-04-06T07:51:00.0"},{"bodyBatteryStatType":"LOWEST","statsValue":44,"bodyBatteryStatus":"MEASURED","statTimestamp":"2024-04-06T11:46:00.0"},{"bodyBatteryStatType":"MOSTRECENT","statsValue":44,"bodyBatteryStatus":"MEASURED","statTimestamp":"2024-04-06T11:53:00.0"},{"bodyBatteryStatType":"ENDOFDAY","statsValue":44,"bodyBatteryStatus":"MEASURED","statTimestamp":"2024-04-06T11:53:00.0"},{"bodyBatteryStatType":"STARTOFDAY","statsValue":72,"bodyBatteryStatus":"RESET","statTimestamp":"2024-04-06T07:51:00.0"}]},"minAvgHeartRate":81,"maxAvgHeartRate":128,"version":53580000,"respiration":{"userProfilePK":121376460,"calendarDate":"2024-04-06","avgWakingRespirationValue":15.0,"highestRespirationValue":20.0,"lowestRespirationValue":12.0,"latestRespirationValue":20.0,"latestRespirationTimeGMT":"2024-04-06T11:00:00.0"}},{"userProfilePK":121376460,"calendarDate":"2024-04-07","uuid":"7fe8ad888f2240eeb5129fffcbec32a0","durationInMilliseconds":0,"includesWellnessData":false,"includesActivityData":false,"includesCalorieConsumedData":false,"allDayStress":{},"version":0},{"userProfilePK":121376460,"calendarDate":"2024-04-08","uuid":"889dd38345f446469546c9e69d4ae841","durationInMilliseconds":33300000,"totalKilocalories":1026.0,"activeKilocalories":11.0,"bmrKilocalories":1015.0,"wellnessKilocalories":1026.0,"remainingKilocalories":1026.0,"wellnessTotalKilocalories":1026.0,"wellnessActiveKilocalories":11.0,"totalSteps":142,"dailyStepGoal":11120,"totalDistanceMeters":122,"wellnessDistanceMeters":122,"wellnessStartTimeGmt":"2024-04-07T21:00:00.0","wellnessEndTimeGmt":"2024-04-08T06:15:00.0","wellnessStartTimeLocal":"2024-04-08T00:00:00.0","wellnessEndTimeLocal":"2024-04-08T09:15:00.0","highlyActiveSeconds":240,"activeSeconds":120,"moderateIntensityMinutes":0,"vigorousIntensityMinutes":0,"isVigorousDay":false,"userIntensityMinutesGoal":150,"userFloorsAscendedGoal":10,"minHeartRate":52,"maxHeartRate":102,"restingHeartRate":87,"currentDayRestingHeartRate":53,"restingHeartRateTimestamp":1712556900000,"includesWellnessData":true,"includesActivityData":false,"includesCalorieConsumedData":false,"includesSingleMeasurement":false,"includesContinuousMeasurement":false,"includesAllDayPulseOx":false,"includesSleepPulseOx":false,"source":0,"allDayStress":{"userProfilePK":121376460,"calendarDate":"2024-04-08","aggregatorList":[{"type":"TOTAL","averageStressLevel":16,"averageStressLevelIntensity":14,"maxStressLevel":83,"stressIntensityCount":384,"stressOffWristCount":50,"stressTooActiveCount":7,"totalStressCount":441,"totalStressIntensity":17341,"stressDuration":3180,"restDuration":19860,"activityDuration":420,"uncategorizedDuration":3000,"totalDuration":26460,"lowDuration":1860,"mediumDuration":1020,"highDuration":300},{"type":"AWAKE","averageStressLevel":46,"averageStressLevelIntensity":43,"maxStressLevel":83,"stressIntensityCount":48,"stressOffWristCount":9,"stressTooActiveCount":7,"totalStressCount":64,"totalStressIntensity":-1174,"stressDuration":2340,"restDuration":540,"activityDuration":420,"uncategorizedDuration":540,"totalDuration":3840,"lowDuration":1080,"mediumDuration":960,"highDuration":300},{"type":"ASLEEP","averageStressLevel":12,"averageStressLevelIntensity":12,"maxStressLevel":51,"stressIntensityCount":336,"stressOffWristCount":41,"totalStressCount":377,"totalStressIntensity":18515,"stressDuration":840,"restDuration":19320,"uncategorizedDuration":2460,"totalDuration":22620,"lowDuration":780,"mediumDuration":60}]},"bodyBattery":{"userProfilePK":121376460,"calendarDate":"2024-04-08","chargedValue":54,"drainedValue":6,"bodyBatteryVersion":2.0,"bodyBatteryStatList":[{"bodyBatteryStatType":"HIGHEST","statsValue":90,"bodyBatteryStatus":"MEASURED","statTimestamp":"2024-04-08T04:54:00.0"},{"bodyBatteryStatType":"LOWEST","statsValue":36,"bodyBatteryStatus":"MEASURED","statTimestamp":"2024-04-07T23:00:00.0"},{"bodyBatteryStatType":"MOSTRECENT","statsValue":85,"bodyBatteryStatus":"MEASURED","statTimestamp":"2024-04-08T06:15:00.0"},{"bodyBatteryStatType":"ENDOFDAY","statsValue":85,"bodyBatteryStatus":"MEASURED","statTimestamp":"2024-04-08T06:15:00.0"},{"bodyBatteryStatType":"STARTOFDAY","statsValue":37,"bodyBatteryStatus":"RESET","statTimestamp":"2024-04-07T22:55:00.0"},{"bodyBatteryStatType":"DURINGSLEEP","statsValue":54,"bodyBatteryStatus":"MEASURED","statTimestamp":"2024-04-08T05:34:00.0"}]},"minAvgHeartRate":52,"maxAvgHeartRate":98,"version":33300000,"respiration":{"userProfilePK":121376460,"calendarDate":"2024-04-08","avgWakingRespirationValue":14.0,"highestRespirationValue":25.0,"lowestRespirationValue":12.0,"latestRespirationValue":13.0,"latestRespirationTimeGMT":"2024-04-08T06:15:00.0"}}]