[{"userProfilePK":121376460,"calendarDate":"2025-05-09","uuid":"053c5528d54b452cb45e264537ff1b00","durationInMilliseconds":81660000,"totalKilocalories":2485.0,"activeKilocalories":0.0,"bmrKilocalories":2485.0,"wellnessKilocalories":2485.0,"wellnessTotalKilocalories":2485.0,"wellnessActiveKilocalories":0.0,"dailyStepGoal":8990,"wellnessStartTimeGmt":"2025-05-08T21:00:00.0","wellnessEndTimeGmt":"2025-05-09T19:41:00.0","wellnessStartTimeLocal":"2025-05-09T00:00:00.0","wellnessEndTimeLocal":"2025-05-09T22:41:00.0","highlyActiveSeconds":0,"activeSeconds":0,"moderateIntensityMinutes":0,"vigorousIntensityMinutes":0,"isVigorousDay":false,"userIntensityMinutesGoal":150,"userFloorsAscendedGoal":10,"minHeartRate":78,"maxHeartRate":82,"includesWellnessData":true,"includesActivityData":false,"includesCalorieConsumedData":false,"includesSingleMeasurement":false,"includesContinuousMeasurement":false,"includesAllDayPulseOx":false,"includesSleepPulseOx":false,"source":0,"allDayStress":{"userProfilePK":121376460,"calendarDate":"2025-05-09","aggregatorList":[{"type":"TOTAL","averageStressLevel":40,"averageStressLevelIntensity":40,"maxStressLevel":48,"stressIntensityCount":9,"totalStressCount":9,"totalStressIntensity":-178,"stressDuration":540,"totalDuration":540,"lowDuration":540},{"type":"AWAKE","averageStressLevel":40,"averageStressLevelIntensity":40,"maxStressLevel":48,"stressIntensityCount":9,"totalStressCount":9,"totalStressIntensity":-178,"stressDuration":540,"totalDuration":540,"lowDuration":540},{"type":"ASLEEP","averageStressLevel":-2,"averageStressLevelIntensity":-2}]},"bodyBattery":{"userProfilePK":121376460,"calendarDate":"2025-05-09","chargedValue":0,"drainedValue":0,"bodyBatteryVersion":2.0,"bodyBatteryStatList":[{"bodyBatteryStatType":"HIGHEST","statsValue":50,"bodyBatteryStatus":"RESET","statTimestamp":"2025-05-09T19:33:00.0"},{"bodyBatteryStatType":"LOWEST","statsValue":50,"bodyBatteryStatus":"RESET","statTimestamp":"2025-05-09T19:33:00.0"},{"bodyBatteryStatType":"MOSTRECENT","statsValue":50,"bodyBatteryStatus":"MEASURED","statTimestamp":"2025-05-09T19:41:00.0"},{"bodyBatteryStatType":"STARTOFDAY","statsValue":50,"bodyBatteryStatus":"RESET","statTimestamp":"2025-05-09T19:33:00.0"}]},"minAvgHeartRate":79,"maxAvgHeartRate":81,"version":81660000,"respiration":{"userProfilePK":121376460,"calendarDate":"2025-05-09","avgWakingRespirationValue":14.0,"highestRespirationValue":15.0,"lowestRespirationValue":14.0,"latestRespirationValue":14.0,"latestRespirationTimeGMT":"2025-05-09T19:41:00.0","algorithmVersion":100}},{"userProfilePK":121376460,"calendarDate":"2025-05-11","uuid":"aaef8c867cd4431d8dd2700e535c0d56","durationInMilliseconds":86400000,"totalKilocalories":3277.0,"activeKilocalories":647.0,"bmrKilocalories":2630.0,"wellnessKilocalories":3277.0,"wellnessTotalKilocalories":3277.0,"wellnessActiveKilocalories":647.0,"restingCaloriesFromActivity":54.0,"totalSteps":6594,"dailyStepGoal":8990,"totalDistanceMeters":6584,"wellnessDistanceMeters":6584,"wellnessStartTimeGmt":"2025-05-10T21:00:00.0","wellnessEndTimeGmt":"2025-05-11T21:00:00.0","wellnessStartTimeLocal":"2025-05-11T00:00:00.0","wellnessEndTimeLocal":"2025-05-12T00:00:00.0","highlyActiveSeconds":2100,"activeSeconds":2185,"moderateIntensityMinutes":15,"vigorousIntensityMinutes":35,"isVigorousDay":true,"userIntensityMinutesGoal":150,"userFloorsAscendedGoal":10,"minHeartRate":73,"maxHeartRate":175,"restingHeartRate":79,"currentDayRestingHeartRate":79,"restingHeartRateTimestamp":1746997200000,"includesWellnessData":true,"includesActivityData":true,"includesCalorieConsumedData":false,"includesSingleMeasurement":false,"includesContinuousMeasurement":false,"includesAllDayPulseOx":false,"includesSleepPulseOx":false,"source":0,"allDayStress":{"userProfilePK":121376460,"calendarDate":"2025-05-11","aggregatorList":[{"type":"TOTAL","averageStressLevel":49,"averageStressLevelIntensity":48,"maxStressLevel":92,"stressIntensityCount":40,"stressOffWristCount":28,"stressTooActiveCount":58,"totalStressCount":126,"totalStressIntensity":-1234,"stressDuration":2100,"restDuration":300,"activityDuration":3480,"uncategorizedDuration":1680,"totalDuration":7560,"lowDuration":1200,"mediumDuration":420,"highDuration":480},{"type":"AWAKE","averageStressLevel":49,"averageStressLevelIntensity":48,"maxStressLevel":92,"stressIntensityCount":40,"stressOffWristCount":28,"stressTooActiveCount":58,"totalStressCount":126,"totalStressIntensity":-1234,"stressDuration":2100,"restDuration":300,"activityDuration":3480,"uncategorizedDuration":1680,"totalDuration":7560,"lowDuration":1200,"mediumDuration":420,"highDuration":480},{"type":"ASLEEP","averageStressLevel":-2,"averageStressLevelIntensity":-2}]},"bodyBattery":{"userProfilePK":121376460,"calendarDate":"2025-05-11","chargedValue":0,"drainedValue":27,"bodyBatteryVersion":2.0,"bodyBatteryStatList":[{"bodyBatteryStatType":"HIGHEST","statsValue":34,"bodyBatteryStatus":"RESET","statTimestamp":"2025-05-11T15:57:00.0"},{"bodyBatteryStatType":"LOWEST","statsValue":7,"bodyBatteryStatus":"MEASURED","statTimestamp":"2025-05-11T20:55:00.0"},{"bodyBatteryStatType":"MOSTRECENT","statsValue":7,"bodyBatteryStatus":"MEASURED","statTimestamp":"2025-05-11T21:00:00.0"},{"bodyBatteryStatType":"ENDOFDAY","statsValue":7,"bodyBatteryStatus":"MEASURED","statTimestamp":"2025-05-11T21:00:00.0"},{"bodyBatteryStatType":"STARTOFDAY","statsValue":34,"bodyBatteryStatus":"RESET","statTimestamp":"2025-05-11T15:57:00.0"}]},"minAvgHeartRate":74,"maxAvgHeartRate":174,"version":71640002,"hydration":{"userProfilePK":121376460,"calendarDate":"2025-05-11","valueInML":0.0,"activityIntakeInML":0.0,"goalInML":2839.056,"capped":false,"sweatLossInML":180.0,"adjustedGoalInML":3019.056,"lastEntryTimestampLocal":"2025-05-11T19:09:51.0"},"respiration":{"userProfilePK":121376460,"calendarDate":"2025-05-11","avgWakingRespirationValue":14.0,"highestRespirationValue":17.0,"lowestRespirationValue":12.0,"latestRespirationValue":15.0,"latestRespirationTimeGMT":"2025-05-11T21:00:00.0","algorithmVersion":100}},{"userProfilePK":121376460,"calendarDate":"2025-05-12","uuid":"b5d5823b5b9248bba1bf8490ecb66e5b","durationInMilliseconds":38100000,"totalKilocalories":1199.0,"activeKilocalories":40.0,"bmrKilocalories":1159.0,"wellnessKilocalories":1199.0,"wellnessTotalKilocalories":1199.0,"wellnessActiveKilocalories":40.0,"totalSteps":395,"dailyStepGoal":8510,"totalDistanceMeters":340,"wellnessDistanceMeters":340,"wellnessStartTimeGmt":"2025-05-11T21:00:00.0","wellnessEndTimeGmt":"2025-05-12T07:35:00.0","wellnessStartTimeLocal":"2025-05-12T00:00:00.0","wellnessEndTimeLocal":"2025-05-12T10:35:00.0","highlyActiveSeconds":300,"activeSeconds":780,"moderateIntensityMinutes":0,"vigorousIntensityMinutes":0,"isVigorousDay":false,"userIntensityMinutesGoal":150,"userFloorsAscendedGoal":10,"minHeartRate":48,"maxHeartRate":103,"restingHeartRate":65,"currentDayRestingHeartRate":51,"restingHeartRateTimestamp":1747035300000,"includesWellnessData":true,"includesActivityData":false,"includesCalorieConsumedData":false,"includesSingleMeasurement":false,"includesContinuousMeasurement":false,"includesAllDayPulseOx":false,"includesSleepPulseOx":false,"source":0,"allDayStress":{"userProfilePK":121376460,"calendarDate":"2025-05-12","aggregatorList":[{"type":"TOTAL","averageStressLevel":11,"averageStressLevelIntensity":11,"maxStressLevel":84,"stressIntensityCount":603,"stressOffWristCount":21,"stressTooActiveCount":10,"totalStressCount":634,"totalStressIntensity":34517,"stressDuration":1080,"restDuration":35100,"activityDuration":600,"uncategorizedDuration":1260,"totalDuration":38040,"lowDuration":480,"mediumDuration":480,"highDuration":120},{"type":"AWAKE","averageStressLevel":16,"averageStressLevelIntensity":15,"maxStressLevel":84,"stressIntensityCount":169,"stressOffWristCount":14,"stressTooActiveCount":10,"totalStressCount":193,"totalStressIntensity":7015,"stressDuration":960,"restDuration":9180,"activityDuration":600,"uncategorizedDuration":840,"totalDuration":11580,"lowDuration":360,"mediumDuration":480,"highDuration":120},{"type":"ASLEEP","averageStressLevel":9,"averageStressLevelIntensity":10,"maxStressLevel":42,"stressIntensityCount":434,"stressOffWristCount":7,"totalStressCount":441,"totalStressIntensity":27502,"stressDuration":120,"restDuration":25920,"uncategorizedDuration":420,"totalDuration":26460,"lowDuration":120}]},"bodyBattery":{"userProfilePK":121376460,"calendarDate":"2025-05-12","chargedValue":90,"drainedValue":2,"bodyBatteryVersion":2.0,"bodyBatteryStatList":[{"bodyBatteryStatType":"HIGHEST","statsValue":95,"bodyBatteryStatus":"MEASURED","statTimestamp":"2025-05-12T07:29:00.0"},{"bodyBatteryStatType":"LOWEST","statsValue":5,"bodyBatteryStatus":"MEASURED","statTimestamp":"2025-05-11T21:30:00.0"},{"bodyBatteryStatType":"MOSTRECENT","statsValue":95,"bodyBatteryStatus":"MEASURED","statTimestamp":"2025-05-12T07:35:00.0"},{"bodyBatteryStatType":"STARTOFDAY","statsValue":7,"bodyBatteryStatus":"MEASURED","statTimestamp":"2025-05-11T21:01:00.0"},{"bodyBatteryStatType":"SLEEPSTART","statsValue":16,"bodyBatteryStatus":"MEASURED","statTimestamp":"2025-05-12T00:14:00.0"},{"bodyBatteryStatType":"SLEEPEND","statsValue":95,"bodyBatteryStatus":"MEASURED","statTimestamp":"2025-05-12T07:33:00.0"},{"bodyBatteryStatType":"DURINGSLEEP","statsValue":79,"bodyBatteryStatus":"MEASURED","statTimestamp":"2025-05-12T07:33:00.0"}]},"minAvgHeartRate":49,"maxAvgHeartRate":98,"version":38100000,"respiration":{"userProfilePK":121376460,"calendarDate":"2025-05-12","avgWakingRespirationValue":14.0,"highestRespirationValue":20.0,"lowestRespirationValue":12.0,"latestRespirationValue":14.0,"latestRespirationTimeGMT":"2025-05-12T07:35:00.0","algorithmVersion":100}},{"userProfilePK":121376460,"calendarDate":"2025-05-13","uuid":"e1579e61b37940a19ec762b05613922c","durationInMilliseconds":75480000,"totalKilocalories":2874.0,"activeKilocalories":577.0,"bmrKilocalories":2297.0,"wellnessKilocalories":2874.0,"wellnessTotalKilocalories":2874.0,"wellnessActiveKilocalories":577.0,"restingCaloriesFromActivity":60.0,"totalSteps":6751,"dailyStepGoal":8510,"totalDistanceMeters":6857,"wellnessDistanceMeters":6857,"wellnessStartTimeGmt":"2025-05-12T21:00:00.0","wellnessEndTimeGmt":"2025-05-13T17:58:00.0","wellnessStartTimeLocal":"2025-05-13T00:00:00.0","wellnessEndTimeLocal":"2025-05-13T20:58:00.0","highlyActiveSeconds":2340,"activeSeconds":1125,"moderateIntensityMinutes":11,"vigorousIntensityMinutes":30,"isVigorousDay":true,"userIntensityMinutesGoal":150,"userFloorsAscendedGoal":10,"minHeartRate":96,"maxHeartRate":164,"restingHeartRate":84,"currentDayRestingHeartRate":69,"restingHeartRateTimestamp":1747159080000,"includesWellnessData":true,"includesActivityData":true,"includesCalorieConsumedData":false,"includesSingleMeasurement":false,"includesContinuousMeasurement":false,"includesAllDayPulseOx":false,"includesSleepPulseOx":false,"source":0,"allDayStress":{"userProfilePK":121376460,"calendarDate":"2025-05-13","aggregatorList":[{"type":"TOTAL","averageStressLevel":84,"averageStressLevelIntensity":83,"maxStressLevel":90,"stressIntensityCount":4,"stressTooActiveCount":54,"totalStressCount":58,"totalStressIntensity":-313,"stressDuration":240,"activityDuration":3240,"totalDuration":3480,"highDuration":240},{"type":"AWAKE","averageStressLevel":84,"averageStressLevelIntensity":83,"maxStressLevel":90,"stressIntensityCount":4,"stressTooActiveCount":54,"totalStressCount":58,"totalStressIntensity":-313,"stressDuration":240,"activityDuration":3240,"totalDuration":3480,"highDuration":240},{"type":"ASLEEP","averageStressLevel":-2,"averageStressLevelIntensity":-2}]},"bodyBattery":{"userProfilePK":121376460,"calendarDate":"2025-05-13","chargedValue":0,"drainedValue":9,"bodyBatteryVersion":2.0,"bodyBatteryStatList":[{"bodyBatteryStatType":"HIGHEST","statsValue":30,"bodyBatteryStatus":"RESET","statTimestamp":"2025-05-13T16:58:00.0"},{"bodyBatteryStatType":"LOWEST","statsValue":21,"bodyBatteryStatus":"MEASURED","statTimestamp":"2025-05-13T17:45:00.0"},{"bodyBatteryStatType":"MOSTRECENT","statsValue":21,"bodyBatteryStatus":"MEASURED","statTimestamp":"2025-05-13T17:58:00.0"},{"bodyBatteryStatType":"STARTOFDAY","statsValue":30,"bodyBatteryStatus":"RESET","statTimestamp":"2025-05-13T16:58:00.0"}]},"minAvgHeartRate":99,"maxAvgHeartRate":164,"version":75480000,"hydration":{"userProfilePK":121376460,"calendarDate":"2025-05-13","valueInML":0.0,"activityIntakeInML":0.0,"goalInML":2839.056,"capped":false,"sweatLossInML":205.0,"adjustedGoalInML":3044.056,"lastEntryTimestampLocal":"2025-05-13T20:16:36.0"},"respiration":{"userProfilePK":121376460,"calendarDate":"2025-05-13","avgWakingRespirationValue":19.0,"highestRespirationValue":19.0,"lowestRespirationValue":19.0,"latestRespirationValue":19.0,"latestRespirationTimeGMT":"2025-05-13T17:16:00.0","algorithmVersion":100}},{"userProfilePK":121376460,"calendarDate":"2025-05-14","uuid":"283b3c00feb14f4fbde1ef60a81b67eb","durationInMilliseconds":38580000,"totalKilocalories":1178.0,"activeKilocalories":5.0,"bmrKilocalories":1173.0,"wellnessKilocalories":1178.0,"wellnessTotalKilocalories":1178.0,"wellnessActiveKilocalories":5.0,"totalSteps":60,"dailyStepGoal":8510,"totalDistanceMeters":52,"wellnessDistanceMeters":52,"wellnessStartTimeGmt":"2025-05-13T21:00:00.0","wellnessEndTimeGmt":"2025-05-14T07:43:00.0","wellnessStartTimeLocal":"2025-05-14T00:00:00.0","wellnessEndTimeLocal":"2025-05-14T10:43:00.0","highlyActiveSeconds":180,"activeSeconds":120,"moderateIntensityMinutes":0,"vigorousIntensityMinutes":0,"isVigorousDay":false,"userIntensityMinutesGoal":150,"userFloorsAscendedGoal":10,"minHeartRate":47,"maxHeartRate":87,"restingHeartRate":62,"currentDayRestingHeartRate":48,"restingHeartRateTimestamp":1747208580000,"includesWellnessData":true,"includesActivityData":false,"includesCalorieConsumedData":false,"includesSingleMeasurement":false,"includesContinuousMeasurement":false,"includesAllDayPulseOx":false,"includesSleepPulseOx":false,"source":0,"allDayStress":{"userProfilePK":121376460,"calendarDate":"2025-05-14","aggregatorList":[{"type":"TOTAL","averageStressLevel":9,"averageStressLevelIntensity":10,"maxStressLevel":59,"stressIntensityCount":511,"stressOffWristCount":26,"stressTooActiveCount":3,"totalStressCount":540,"totalStressIntensity":32369,"stressDuration":420,"restDuration":30240,"activityDuration":180,"uncategorizedDuration":1560,"totalDuration":32400,"lowDuration":240,"mediumDuration":180},{"type":"AWAKE","averageStressLevel":18,"averageStressLevelIntensity":17,"maxStressLevel":59,"stressIntensityCount":52,"stressOffWristCount":10,"stressTooActiveCount":2,"totalStressCount":64,"totalStressIntensity":1726,"stressDuration":300,"restDuration":2820,"activityDuration":120,"uncategorizedDuration":600,"totalDuration":3840,"lowDuration":180,"mediumDuration":120},{"type":"ASLEEP","averageStressLevel":8,"averageStressLevelIntensity":9,"maxStressLevel":55,"stressIntensityCount":459,"stressOffWristCount":16,"stressTooActiveCount":1,"totalStressCount":476,"totalStressIntensity":30643,"stressDuration":120,"restDuration":27420,"activityDuration":60,"uncategorizedDuration":960,"totalDuration":28560,"lowDuration":60,"mediumDuration":60}]},"bodyBattery":{"userProfilePK":121376460,"calendarDate":"2025-05-14","chargedValue":64,"drainedValue":0,"bodyBatteryVersion":2.0,"bodyBatteryStatList":[{"bodyBatteryStatType":"HIGHEST","statsValue":100,"bodyBatteryStatus":"MEASURED","statTimestamp":"2025-05-14T05:55:00.0"},{"bodyBatteryStatType":"LOWEST","statsValue":36,"bodyBatteryStatus":"MEASURED","statTimestamp":"2025-05-13T22:44:00.0"},{"bodyBatteryStatType":"MOSTRECENT","statsValue":100,"bodyBatteryStatus":"MEASURED","statTimestamp":"2025-05-14T07:43:00.0"},{"bodyBatteryStatType":"STARTOFDAY","statsValue":36,"bodyBatteryStatus":"MEASURED","statTimestamp":"2025-05-13T22:44:00.0"},{"bodyBatteryStatType":"SLEEPSTART","statsValue":37,"bodyBatteryStatus":"MEASURED","statTimestamp":"2025-05-13T23:34:00.0"},{"bodyBatteryStatType":"SLEEPEND","statsValue":100,"bodyBatteryStatus":"MEASURED","statTimestamp":"2025-05-14T07:28:00.0"},{"bodyBatteryStatType":"DURINGSLEEP","statsValue":63,"bodyBatteryStatus":"MEASURED","statTimestamp":"2025-05-14T07:28:00.0"}]},"minAvgHeartRate":48,"maxAvgHeartRate":80,"version":38580000,"respiration":{"userProfilePK":121376460,"calendarDate":"2025-05-14","avgWakingRespirationValue":13.0,"highestRespirationValue":19.0,"lowestRespirationValue":12.0,"latestRespirationValue":13.0,"latestRespirationTimeGMT":"2025-05-14T07:43:00.0","algorithmVersion":100}}]