[{"userProfilePK":121376460,"calendarDate":"2024-12-14","uuid":"0f0dcf8c5d0d46d58a34e8ba6dc8eefe","durationInMilliseconds":86400000,"totalKilocalories":2636.0,"activeKilocalories":0.0,"bmrKilocalories":2636.0,"wellnessKilocalories":2636.0,"wellnessTotalKilocalories":2636.0,"wellnessActiveKilocalories":0.0,"dailyStepGoal":8990,"wellnessStartTimeGmt":"2024-12-13T22:00:00.0","wellnessEndTimeGmt":"2024-12-14T22:00:00.0","wellnessStartTimeLocal":"2024-12-14T00:00:00.0","wellnessEndTimeLocal":"2024-12-15T00:00:00.0","highlyActiveSeconds":0,"activeSeconds":0,"moderateIntensityMinutes":0,"vigorousIntensityMinutes":0,"isVigorousDay":false,"userIntensityMinutesGoal":150,"userFloorsAscendedGoal":10,"includesWellnessData":true,"includesActivityData":false,"includesCalorieConsumedData":false,"includesSingleMeasurement":false,"includesContinuousMeasurement":false,"includesAllDayPulseOx":false,"includesSleepPulseOx":false,"source":0,"allDayStress":{"userProfilePK":121376460,"calendarDate":"2024-12-14","aggregatorList":[{"type":"TOTAL","averageStressLevel":-1,"averageStressLevelIntensity":-1,"stressOffWristCount":668,"totalStressCount":668,"uncategorizedDuration":40080,"totalDuration":40080},{"type":"AWAKE","averageStressLevel":-1,"averageStressLevelIntensity":-1,"stressOffWristCount":668,"totalStressCount":668,"uncategorizedDuration":40080,"totalDuration":40080},{"type":"ASLEEP","averageStressLevel":-2,"averageStressLevelIntensity":-2}]},"version":1},{"userProfilePK":121376460,"calendarDate":"2024-12-15","uuid":"004f4c33efb347b79b906f900abdfeae","durationInMilliseconds":86400000,"totalKilocalories":2636.0,"activeKilocalories":0.0,"bmrKilocalories":2636.0,"wellnessKilocalories":2636.0,"wellnessTotalKilocalories":2636.0,"wellnessActiveKilocalories":0.0,"dailyStepGoal":8990,"wellnessStartTimeGmt":"2024-12-14T22:00:00.0","wellnessEndTimeGmt":"2024-12-15T22:00:00.0","wellnessStartTimeLocal":"2024-12-15T00:00:00.0","wellnessEndTimeLocal":"2024-12-16T00:00:00.0","highlyActiveSeconds":0,"activeSeconds":0,"moderateIntensityMinutes":0,"vigorousIntensityMinutes":0,"isVigorousDay":false,"userIntensityMinutesGoal":150,"userFloorsAscendedGoal":10,"includesWellnessData":true,"includesActivityData":false,"includesCalorieConsumedData":false,"includesSingleMeasurement":false,"includesContinuousMeasurement":false,"includesAllDayPulseOx":false,"includesSleepPulseOx":false,"source":0,"allDayStress":{"userProfilePK":121376460,"calendarDate":"2024-12-15","aggregatorList":[{"type":"TOTAL","averageStressLevel":-1,"averageStressLevelIntensity":-1,"stressOffWristCount":1440,"totalStressCount":1440,"uncategorizedDuration":86400,"totalDuration":86400},{"type":"AWAKE","averageStressLevel":-1,"averageStressLevelIntensity":-1,"stressOffWristCount":1440,"totalStressCount":1440,"uncategorizedDuration":86400,"totalDuration":86400},{"type":"ASLEEP","averageStressLevel":-2,"averageStressLevelIntensity":-2}]},"version":1},{"userProfilePK":121376460,"calendarDate":"2024-12-16","uuid":"0293133a7a894340be531a899ded5485","durationInMilliseconds":86400000,"totalKilocalories":2636.0,"activeKilocalories":0.0,"bmrKilocalories":2636.0,"wellnessKilocalories":2636.0,"wellnessTotalKilocalories":2636.0,"wellnessActiveKilocalories":0.0,"dailyStepGoal":8990,"wellnessStartTimeGmt":"2024-12-15T22:00:00.0","wellnessEndTimeGmt":"2024-12-16T22:00:00.0","wellnessStartTimeLocal":"2024-12-16T00:00:00.0","wellnessEndTimeLocal":"2024-12-17T00:00:00.0","highlyActiveSeconds":0,"activeSeconds":0,"moderateIntensityMinutes":0,"vigorousIntensityMinutes":0,"isVigorousDay":false,"userIntensityMinutesGoal":150,"userFloorsAscendedGoal":10,"includesWellnessData":true,"includesActivityData":false,"includesCalorieConsumedData":false,"includesSingleMeasurement":false,"includesContinuousMeasurement":false,"includesAllDayPulseOx":false,"includesSleepPulseOx":false,"source":0,"allDayStress":{"userProfilePK":121376460,"calendarDate":"2024-12-16","aggregatorList":[{"type":"TOTAL","averageStressLevel":-1,"averageStressLevelIntensity":-1,"stressOffWristCount":1440,"totalStressCount":1440,"uncategorizedDuration":86400,"totalDuration":86400},{"type":"AWAKE","averageStressLevel":-1,"averageStressLevelIntensity":-1,"stressOffWristCount":1440,"totalStressCount":1440,"uncategorizedDuration":86400,"totalDuration":86400},{"type":"ASLEEP","averageStressLevel":-2,"averageStressLevelIntensity":-2}]},"version":1},{"userProfilePK":121376460,"calendarDate":"2024-12-17","uuid":"2b3443b46ddc49e6aa263536bba71bac","durationInMilliseconds":86400000,"totalKilocalories":2636.0,"activeKilocalories":0.0,"bmrKilocalories":2636.0,"wellnessKilocalories":2636.0,"wellnessTotalKilocalories":2636.0,"wellnessActiveKilocalories":0.0,"dailyStepGoal":8990,"wellnessStartTimeGmt":"2024-12-16T22:00:00.0","wellnessEndTimeGmt":"2024-12-17T22:00:00.0","wellnessStartTimeLocal":"2024-12-17T00:00:00.0","wellnessEndTimeLocal":"2024-12-18T00:00:00.0","highlyActiveSeconds":0,"activeSeconds":0,"moderateIntensityMinutes":0,"vigorousIntensityMinutes":0,"isVigorousDay":false,"userIntensityMinutesGoal":150,"userFloorsAscendedGoal":10,"includesWellnessData":true,"includesActivityData":false,"includesCalorieConsumedData":false,"includesSingleMeasurement":false,"includesContinuousMeasurement":false,"includesAllDayPulseOx":false,"includesSleepPulseOx":false,"source":0,"allDayStress":{"userProfilePK":121376460,"calendarDate":"2024-12-17","aggregatorList":[{"type":"TOTAL","averageStressLevel":-1,"averageStressLevelIntensity":-1,"stressOffWristCount":1440,"totalStressCount":1440,"uncategorizedDuration":86400,"totalDuration":86400},{"type":"AWAKE","averageStressLevel":-1,"averageStressLevelIntensity":-1,"stressOffWristCount":1440,"totalStressCount":1440,"uncategorizedDuration":86400,"totalDuration":86400},{"type":"ASLEEP","averageStressLevel":-2,"averageStressLevelIntensity":-2}]},"version":1},{"userProfilePK":121376460,"calendarDate":"2024-12-18","uuid":"54fa9c4d90de4e08a101f9bc96af7ecd","durationInMilliseconds":86400000,"totalKilocalories":2636.0,"activeKilocalories":0.0,"bmrKilocalories":2636.0,"wellnessKilocalories":2636.0,"wellnessTotalKilocalories":2636.0,"wellnessActiveKilocalories":0.0,"dailyStepGoal":8990,"wellnessStartTimeGmt":"2024-12-17T22:00:00.0","wellnessEndTimeGmt":"2024-12-18T22:00:00.0","wellnessStartTimeLocal":"2024-12-18T00:00:00.0","wellnessEndTimeLocal":"2024-12-19T00:00:00.0","highlyActiveSeconds":0,"activeSeconds":0,"moderateIntensityMinutes":0,"vigorousIntensityMinutes":0,"isVigorousDay":false,"userIntensityMinutesGoal":150,"userFloorsAscendedGoal":10,"includesWellnessData":true,"includesActivityData":false,"includesCalorieConsumedData":false,"includesSingleMeasurement":false,"includesContinuousMeasurement":false,"includesAllDayPulseOx":false,"includesSleepPulseOx":false,"source":0,"allDayStress":{"userProfilePK":121376460,"calendarDate":"2024-12-18","aggregatorList":[{"type":"TOTAL","averageStressLevel":-1,"averageStressLevelIntensity":-1,"stressOffWristCount":1440,"totalStressCount":1440,"uncategorizedDuration":86400,"totalDuration":86400},{"type":"AWAKE","averageStressLevel":-1,"averageStressLevelIntensity":-1,"stressOffWristCount":1440,"totalStressCount":1440,"uncategorizedDuration":86400,"totalDuration":86400},{"type":"ASLEEP","averageStressLevel":-2,"averageStressLevelIntensity":-2}]},"version":1},{"userProfilePK":121376460,"calendarDate":"2024-12-19","uuid":"0f6096cb21f346ceb5732ae5728d1a1c","durationInMilliseconds":86400000,"totalKilocalories":2636.0,"activeKilocalories":0.0,"bmrKilocalories":2636.0,"wellnessKilocalories":2636.0,"wellnessTotalKilocalories":2636.0,"wellnessActiveKilocalories":0.0,"dailyStepGoal":8990,"wellnessStartTimeGmt":"2024-12-18T22:00:00.0","wellnessEndTimeGmt":"2024-12-19T22:00:00.0","wellnessStartTimeLocal":"2024-12-19T00:00:00.0","wellnessEndTimeLocal":"2024-12-20T00:00:00.0","highlyActiveSeconds":0,"activeSeconds":0,"moderateIntensityMinutes":0,"vigorousIntensityMinutes":0,"isVigorousDay":false,"userIntensityMinutesGoal":150,"userFloorsAscendedGoal":10,"includesWellnessData":true,"includesActivityData":false,"includesCalorieConsumedData":false,"includesSingleMeasurement":false,"includesContinuousMeasurement":false,"includesAllDayPulseOx":false,"includesSleepPulseOx":false,"source":0,"allDayStress":{"userProfilePK":121376460,"calendarDate":"2024-12-19","aggregatorList":[{"type":"TOTAL","averageStressLevel":-1,"averageStressLevelIntensity":-1,"stressOffWristCount":1440,"totalStressCount":1440,"uncategorizedDuration":86400,"totalDuration":86400},{"type":"AWAKE","averageStressLevel":-1,"averageStressLevelIntensity":-1,"stressOffWristCount":1440,"totalStressCount":1440,"uncategorizedDuration":86400,"totalDuration":86400},{"type":"ASLEEP","averageStressLevel":-2,"averageStressLevelIntensity":-2}]},"version":1},{"userProfilePK":121376460,"calendarDate":"2024-12-20","uuid":"618dfe0bd36a4e47a1b9fb5a0870921c","durationInMilliseconds":86400000,"totalKilocalories":2636.0,"activeKilocalories":0.0,"bmrKilocalories":2636.0,"wellnessKilocalories":2636.0,"wellnessTotalKilocalories":2636.0,"wellnessActiveKilocalories":0.0,"dailyStepGoal":8990,"wellnessStartTimeGmt":"2024-12-19T22:00:00.0","wellnessEndTimeGmt":"2024-12-20T22:00:00.0","wellnessStartTimeLocal":"2024-12-20T00:00:00.0","wellnessEndTimeLocal":"2024-12-21T00:00:00.0","highlyActiveSeconds":0,"activeSeconds":0,"moderateIntensityMinutes":0,"vigorousIntensityMinutes":0,"isVigorousDay":false,"userIntensityMinutesGoal":150,"userFloorsAscendedGoal":10,"includesWellnessData":true,"includesActivityData":false,"includesCalorieConsumedData":false,"includesSingleMeasurement":false,"includesContinuousMeasurement":false,"includesAllDayPulseOx":false,"includesSleepPulseOx":false,"source":0,"allDayStress":{"userProfilePK":121376460,"calendarDate":"2024-12-20","aggregatorList":[{"type":"TOTAL","averageStressLevel":-1,"averageStressLevelIntensity":-1,"stressOffWristCount":1440,"totalStressCount":1440,"uncategorizedDuration":86400,"totalDuration":86400},{"type":"AWAKE","averageStressLevel":-1,"averageStressLevelIntensity":-1,"stressOffWristCount":1440,"totalStressCount":1440,"uncategorizedDuration":86400,"totalDuration":86400},{"type":"ASLEEP","averageStressLevel":-2,"averageStressLevelIntensity":-2}]},"version":1},{"userProfilePK":121376460,"calendarDate":"2024-12-21","uuid":"7fc8766a066a4db0ad394ccb6e4513b7","durationInMilliseconds":86400000,"totalKilocalories":2636.0,"activeKilocalories":0.0,"bmrKilocalories":2636.0,"wellnessKilocalories":2636.0,"wellnessTotalKilocalories":2636.0,"wellnessActiveKilocalories":0.0,"dailyStepGoal":8990,"wellnessStartTimeGmt":"2024-12-20T22:00:00.0","wellnessEndTimeGmt":"2024-12-21T22:00:00.0","wellnessStartTimeLocal":"2024-12-21T00:00:00.0","wellnessEndTimeLocal":"2024-12-22T00:00:00.0","highlyActiveSeconds":0,"activeSeconds":0,"moderateIntensityMinutes":0,"vigorousIntensityMinutes":0,"isVigorousDay":false,"userIntensityMinutesGoal":150,"userFloorsAscendedGoal":10,"includesWellnessData":true,"includesActivityData":false,"includesCalorieConsumedData":false,"includesSingleMeasurement":false,"includesContinuousMeasurement":false,"includesAllDayPulseOx":false,"includesSleepPulseOx":false,"source":0,"allDayStress":{"userProfilePK":121376460,"calendarDate":"2024-12-21","aggregatorList":[{"type":"TOTAL","averageStressLevel":-1,"averageStressLevelIntensity":-1,"stressOffWristCount":1440,"totalStressCount":1440,"uncategorizedDuration":86400,"totalDuration":86400},{"type":"AWAKE","averageStressLevel":-1,"averageStressLevelIntensity":-1,"stressOffWristCount":1440,"totalStressCount":1440,"uncategorizedDuration":86400,"totalDuration":86400},{"type":"ASLEEP","averageStressLevel":-2,"averageStressLevelIntensity":-2}]},"version":1},{"userProfilePK":121376460,"calendarDate":"2024-12-22","uuid":"faaee18692c740cea7c6b149d891a062","durationInMilliseconds":86400000,"totalKilocalories":2636.0,"activeKilocalories":0.0,"bmrKilocalories":2636.0,"wellnessKilocalories":2636.0,"wellnessTotalKilocalories":2636.0,"wellnessActiveKilocalories":0.0,"dailyStepGoal":8990,"wellnessStartTimeGmt":"2024-12-21T22:00:00.0","wellnessEndTimeGmt":"2024-12-22T22:00:00.0","wellnessStartTimeLocal":"2024-12-22T00:00:00.0","wellnessEndTimeLocal":"2024-12-23T00:00:00.0","highlyActiveSeconds":0,"activeSeconds":0,"moderateIntensityMinutes":0,"vigorousIntensityMinutes":0,"isVigorousDay":false,"userIntensityMinutesGoal":150,"userFloorsAscendedGoal":10,"includesWellnessData":true,"includesActivityData":false,"includesCalorieConsumedData":false,"includesSingleMeasurement":false,"includesContinuousMeasurement":false,"includesAllDayPulseOx":false,"includesSleepPulseOx":false,"source":0,"allDayStress":{"userProfilePK":121376460,"calendarDate":"2024-12-22","aggregatorList":[{"type":"TOTAL","averageStressLevel":-1,"averageStressLevelIntensity":-1,"stressOffWristCount":930,"stressTooActiveCount":505,"totalStressCount":1435,"activityDuration":30300,"uncategorizedDuration":55800,"totalDuration":86100},{"type":"AWAKE","averageStressLevel":-1,"averageStressLevelIntensity":-1,"stressOffWristCount":930,"stressTooActiveCount":505,"totalStressCount":1435,"activityDuration":30300,"uncategorizedDuration":55800,"totalDuration":86100},{"type":"ASLEEP","averageStressLevel":-2,"averageStressLevelIntensity":-2}]},"version":86220002},{"userProfilePK":121376460,"calendarDate":"2024-12-23","uuid":"6a862c857d7149318cb1614d9c30fd1b","durationInMilliseconds":14520000,"totalKilocalories":442.0,"activeKilocalories":0.0,"bmrKilocalories":442.0,"wellnessKilocalories":442.0,"wellnessTotalKilocalories":442.0,"wellnessActiveKilocalories":0.0,"dailyStepGoal":8990,"wellnessStartTimeGmt":"2024-12-22T22:00:00.0","wellnessEndTimeGmt":"2024-12-23T02:02:00.0","wellnessStartTimeLocal":"2024-12-23T00:00:00.0","wellnessEndTimeLocal":"2024-12-23T04:02:00.0","highlyActiveSeconds":0,"activeSeconds":0,"moderateIntensityMinutes":0,"vigorousIntensityMinutes":0,"isVigorousDay":false,"userIntensityMinutesGoal":150,"userFloorsAscendedGoal":10,"includesWellnessData":true,"includesActivityData":false,"includesCalorieConsumedData":false,"includesSingleMeasurement":false,"includesContinuousMeasurement":false,"includesAllDayPulseOx":false,"includesSleepPulseOx":false,"source":0,"allDayStress":{"userProfilePK":121376460,"calendarDate":"2024-12-23","aggregatorList":[{"type":"TOTAL","averageStressLevel":-2,"averageStressLevelIntensity":-2,"stressTooActiveCount":242,"totalStressCount":242,"activityDuration":14520,"totalDuration":14520},{"type":"AWAKE","averageStressLevel":-2,"averageStressLevelIntensity":-2,"stressTooActiveCount":242,"totalStressCount":242,"activityDuration":14520,"totalDuration":14520},{"type":"ASLEEP","averageStressLevel":-2,"averageStressLevelIntensity":-2}]},"version":14520000}]