[{"summarizedActivitiesExport":[{"activityId":19116857019,"uuidMsb":-4855336661751150213,"uuidLsb":-8645879652414719323,"name":"Running","activityType":"running","userProfileId":121376460,"timeZoneId":473,"beginTimestamp":1747156596000,"eventTypeId":9,"rule":"private","sportType":"RUNNING","startTimeGmt":1.747156596E12,"startTimeLocal":1.747167396E12,"duration":2059092.041015625,"distance":483795.01953125,"elevationGain":5060.147702693939,"elevationLoss":4590.402066707611,"avgSpeed":0.23499999046325684,"maxSpeed":0.35460000038146977,"avgHr":149.0,"maxHr":169.0,"minHr":102.0,"avgRunCadence":68.0,"maxRunCadence":111.0,"steps":4742.0,"calories":2115.9601,"bmrCalories":251.4012,"startLongitude":34.62344837374985,"startLatitude":31.776849702000618,"avgStrideLength":102.5579310842393,"avgFractionalCadence":0.703125,"maxFractionalCadence":0.0,"vO2MaxValue":39.0,"elapsedDuration":2060702.880859375,"movingDuration":2058110.9924316406,"deviceId":3464461138,"minElevation":99.35495853424072,"maxElevation":2068.7217712402344,"avgDoubleCadence":137.40625,"maxDoubleCadence":222.0,"summarizedDiveInfo":{},"maxVerticalSpeed":0.04356350898742676,"manufacturer":"GARMIN","lapCount":5,"endLongitude":34.62258713319898,"endLatitude":31.77377639338374,"waterEstimated":205.0,"splitSummaries":[{"noOfSplits":8,"totalAscent":48.0,"duration":1530.0,"type":17,"numFalls":0,"numClimbSends":0,"numClimbsAttempted":0,"numClimbsCompleted":0,"maxElevationGain":16.0,"averageElevationGain":6.0,"maxDistance":740,"distance":4051.72998046875,"averageSpeed":2.6480000019073486,"maxSpeed":3.5460000038146973,"elevationLoss":43.0},{"noOfSplits":8,"totalAscent":14.0,"duration":529.0919799804688,"type":18,"numFalls":0,"numClimbSends":0,"numClimbsAttempted":0,"numClimbsCompleted":0,"maxElevationGain":6.0,"averageElevationGain":2.0,"maxDistance":179,"distance":781.0700073242188,"averageSpeed":1.4759999513626099,"maxSpeed":1.9780000448226929,"elevationLoss":19.0}],"splits":[{"startTimeSource":0,"endTimeSource":0,"startTimeGMT":1747156600000,"endTimeGMT":1747156856000,"startLatitude":31.776894461363554,"startLongitude":34.62343948893249,"endLatitude":31.78283555433154,"endLongitude":34.625525241717696,"messageIndex":0,"type":17,"startIndex":2,"endIndex":61,"totalExerciseReps":0,"measurements":[{"value":76.0,"connectIQ":false,"unitEnum":"BPM","fieldEnum":"WEIGHTED_MEAN_RUNCADENCE","valid":true},{"value":95.0,"connectIQ":false,"unitEnum":"BPM","fieldEnum":"MAX_RUNCADENCE","valid":true},{"value":33.52016,"connectIQ":false,"unitEnum":"KILOJOULE","fieldEnum":"SUM_BMR_ENERGY","valid":true},{"value":301.68143999999995,"connectIQ":false,"unitEnum":"KILOJOULE","fieldEnum":"SUM_ENERGY","valid":true},{"value":143.0,"connectIQ":false,"unitEnum":"BPM","fieldEnum":"WEIGHTED_MEAN_HEARTRATE","valid":true},{"value":400.0,"connectIQ":false,"unitEnum":"CENTIMETER","fieldEnum":"GAIN_ELEVATION","valid":true},{"value":70611.0,"connectIQ":false,"unitEnum":"CENTIMETER","fieldEnum":"SUM_DISTANCE","valid":true},{"value":151.140625,"connectIQ":false,"unitEnum":"BPM","fieldEnum":"WEIGHTED_MEAN_DOUBLE_CADENCE","valid":true},{"value":156.0,"connectIQ":false,"unitEnum":"BPM","fieldEnum":"MAX_HEARTRATE","valid":true},{"value":190.0,"connectIQ":false,"unitEnum":"BPM","fieldEnum":"MAX_DOUBLE_CADENCE","valid":true},{"value":261000.0,"connectIQ":false,"unitEnum":"MILLISECOND","fieldEnum":"SUM_ELAPSEDDURATION","valid":true},{"value":900.0,"connectIQ":false,"unitEnum":"CENTIMETER","fieldEnum":"LOSS_ELEVATION","valid":true},{"value":0.27049999237060546,"connectIQ":false,"unitEnum":"CENTIMETERS_PER_MILLISECOND","fieldEnum":"WEIGHTED_MEAN_SPEED","valid":true},{"value":261000.0,"connectIQ":false,"unitEnum":"MILLISECOND","fieldEnum":"SUM_DURATION","valid":true},{"value":0.0,"connectIQ":false,"unitEnum":"CENTIMETERS_PER_MILLISECOND","fieldEnum":"WEIGHTED_MEAN_VERTICAL_SPEED","valid":true},{"value":0.29670000076293945,"connectIQ":false,"unitEnum":"CENTIMETERS_PER_MILLISECOND","fieldEnum":"MAX_SPEED","valid":true},{"value":107.3994067204483,"connectIQ":false,"unitEnum":"CENTIMETER","fieldEnum":"WEIGHTED_MEAN_STRIDE_LENGTH","valid":true},{"value":-0.0015658949303814747,"connectIQ":false,"unitEnum":"CENTIMETERS_PER_MILLISECOND","fieldEnum":"WEIGHTED_MEAN_ELAPSED_DURATION_VERTICAL_SPEED","valid":true},{"value":254000.0,"connectIQ":false,"unitEnum":"MILLISECOND","fieldEnum":"SUM_MOVINGDURATION","valid":true},{"value":0.2779960572250246,"connectIQ":false,"unitEnum":"CENTIMETERS_PER_MILLISECOND","fieldEnum":"WEIGHTED_MEAN_MOVINGSPEED","valid":true}]},{"startTimeSource":0,"endTimeSource":0,"startTimeGMT":1747156857000,"endTimeGMT":1747156959000,"startLatitude":31.782929012551904,"startLongitude":34.62550110183656,"endLatitude":31.784041542559862,"endLongitude":34.626075932756066,"messageIndex":1,"type":18,"startIndex":62,"endIndex":82,"totalExerciseReps":0,"measurements":[{"value":50.0,"connectIQ":false,"unitEnum":"BPM","fieldEnum":"WEIGHTED_MEAN_RUNCADENCE","valid":true},{"value":106.0,"connectIQ":false,"unitEnum":"BPM","fieldEnum":"MAX_RUNCADENCE","valid":true},{"value":12.570059999999998,"connectIQ":false,"unitEnum":"KILOJOULE","fieldEnum":"SUM_BMR_ENERGY","valid":true},{"value":67.04032,"connectIQ":false,"unitEnum":"KILOJOULE","fieldEnum":"SUM_ENERGY","valid":true},{"value":130.0,"connectIQ":false,"unitEnum":"BPM","fieldEnum":"WEIGHTED_MEAN_HEARTRATE","valid":true},{"value":600.0,"connectIQ":false,"unitEnum":"CENTIMETER","fieldEnum":"GAIN_ELEVATION","valid":true},{"value":14613.0,"connectIQ":false,"unitEnum":"CENTIMETER","fieldEnum":"SUM_DISTANCE","valid":true},{"value":99.6875,"connectIQ":false,"unitEnum":"BPM","fieldEnum":"WEIGHTED_MEAN_DOUBLE_CADENCE","valid":true},{"value":146.0,"connectIQ":false,"unitEnum":"BPM","fieldEnum":"MAX_HEARTRATE","valid":true},{"value":211.0,"connectIQ":false,"unitEnum":"BPM","fieldEnum":"MAX_DOUBLE_CADENCE","valid":true},{"value":103001.0,"connectIQ":false,"unitEnum":"MILLISECOND","fieldEnum":"SUM_ELAPSEDDURATION","valid":true},{"value":800.0,"connectIQ":false,"unitEnum":"CENTIMETER","fieldEnum":"LOSS_ELEVATION","valid":true},{"value":0.14190000295639038,"connectIQ":false,"unitEnum":"CENTIMETERS_PER_MILLISECOND","fieldEnum":"WEIGHTED_MEAN_SPEED","valid":true},{"value":103001.0,"connectIQ":false,"unitEnum":"MILLISECOND","fieldEnum":"SUM_DURATION","valid":true},{"value":0.0,"connectIQ":false,"unitEnum":"CENTIMETERS_PER_MILLISECOND","fieldEnum":"WEIGHTED_MEAN_VERTICAL_SPEED","valid":true},{"value":0.16239999532699587,"connectIQ":false,"unitEnum":"CENTIMETERS_PER_MILLISECOND","fieldEnum":"MAX_SPEED","valid":true},{"value":85.39029336852182,"connectIQ":false,"unitEnum":"CENTIMETER","fieldEnum":"WEIGHTED_MEAN_STRIDE_LENGTH","valid":true},{"value":-0.00457978630065918,"connectIQ":false,"unitEnum":"CENTIMETERS_PER_MILLISECOND","fieldEnum":"WEIGHTED_MEAN_ELAPSED_DURATION_VERTICAL_SPEED","valid":true},{"value":100000.0,"connectIQ":false,"unitEnum":"MILLISECOND","fieldEnum":"SUM_MOVINGDURATION","valid":true},{"value":0.1461300048828125,"connectIQ":false,"unitEnum":"CENTIMETERS_PER_MILLISECOND","fieldEnum":"WEIGHTED_MEAN_MOVINGSPEED","valid":true}]},{"startTimeSource":0,"endTimeSource":0,"startTimeGMT":1747156960000,"endTimeGMT":1747157208000,"startLatitude":31.78412502631545,"startLongitude":34.626103173941374,"endLatitude":31.789686251431704,"endLongitude":34.629326770082116,"messageIndex":2,"type":17,"startIndex":83,"endIndex":139,"totalExerciseReps":0,"measurements":[{"value":76.0,"connectIQ":false,"unitEnum":"BPM","fieldEnum":"WEIGHTED_MEAN_RUNCADENCE","valid":true},{"value":106.0,"connectIQ":false,"unitEnum":"BPM","fieldEnum":"MAX_RUNCADENCE","valid":true},{"value":33.52016,"connectIQ":false,"unitEnum":"KILOJOULE","fieldEnum":"SUM_BMR_ENERGY","valid":true},{"value":297.49141999999995,"connectIQ":false,"unitEnum":"KILOJOULE","fieldEnum":"SUM_ENERGY","valid":true},{"value":156.0,"connectIQ":false,"unitEnum":"BPM","fieldEnum":"WEIGHTED_MEAN_HEARTRATE","valid":true},{"value":600.0,"connectIQ":false,"unitEnum":"CENTIMETER","fieldEnum":"GAIN_ELEVATION","valid":true},{"value":71280.0,"connectIQ":false,"unitEnum":"CENTIMETER","fieldEnum":"SUM_DISTANCE","valid":true},{"value":151.1875,"connectIQ":false,"unitEnum":"BPM","fieldEnum":"WEIGHTED_MEAN_DOUBLE_CADENCE","valid":true},{"value":165.0,"connectIQ":false,"unitEnum":"BPM","fieldEnum":"MAX_HEARTRATE","valid":true},{"value":211.0,"connectIQ":false,"unitEnum":"BPM","fieldEnum":"MAX_DOUBLE_CADENCE","valid":true},{"value":248999.0,"connectIQ":false,"unitEnum":"MILLISECOND","fieldEnum":"SUM_ELAPSEDDURATION","valid":true},{"value":800.0,"connectIQ":false,"unitEnum":"CENTIMETER","fieldEnum":"LOSS_ELEVATION","valid":true},{"value":0.286299991607666,"connectIQ":false,"unitEnum":"CENTIMETERS_PER_MILLISECOND","fieldEnum":"WEIGHTED_MEAN_SPEED","valid":true},{"value":248999.0,"connectIQ":false,"unitEnum":"MILLISECOND","fieldEnum":"SUM_DURATION","valid":true},{"value":0.0,"connectIQ":false,"unitEnum":"CENTIMETERS_PER_MILLISECOND","fieldEnum":"WEIGHTED_MEAN_VERTICAL_SPEED","valid":true},{"value":0.3283999919891358,"connectIQ":false,"unitEnum":"CENTIMETERS_PER_MILLISECOND","fieldEnum":"MAX_SPEED","valid":true},{"value":113.60709574869179,"connectIQ":false,"unitEnum":"CENTIMETER","fieldEnum":"WEIGHTED_MEAN_STRIDE_LENGTH","valid":true},{"value":2.640787436037647E-4,"connectIQ":false,"unitEnum":"CENTIMETERS_PER_MILLISECOND","fieldEnum":"WEIGHTED_MEAN_ELAPSED_DURATION_VERTICAL_SPEED","valid":true},{"value":245000.0,"connectIQ":false,"unitEnum":"MILLISECOND","fieldEnum":"SUM_MOVINGDURATION","valid":true},{"value":0.29093877052774236,"connectIQ":false,"unitEnum":"CENTIMETERS_PER_MILLISECOND","fieldEnum":"WEIGHTED_MEAN_MOVINGSPEED","valid":true}]},{"startTimeSource":0,"endTimeSource":0,"startTimeGMT":1747157209000,"endTimeGMT":1747157322000,"startLatitude":31.789746768772602,"startLongitude":34.62942123413086,"endLatitude":31.790670370683074,"endLongitude":34.63085571303964,"messageIndex":3,"type":18,"startIndex":140,"endIndex":170,"totalExerciseReps":0,"measurements":[{"value":54.0,"connectIQ":false,"unitEnum":"BPM","fieldEnum":"WEIGHTED_MEAN_RUNCADENCE","valid":true},{"value":56.0,"connectIQ":false,"unitEnum":"BPM","fieldEnum":"MAX_RUNCADENCE","valid":true},{"value":12.570059999999998,"connectIQ":false,"unitEnum":"KILOJOULE","fieldEnum":"SUM_BMR_ENERGY","valid":true},{"value":79.61037999999999,"connectIQ":false,"unitEnum":"KILOJOULE","fieldEnum":"SUM_ENERGY","valid":true},{"value":134.0,"connectIQ":false,"unitEnum":"BPM","fieldEnum":"WEIGHTED_MEAN_HEARTRATE","valid":true},{"value":300.0,"connectIQ":false,"unitEnum":"CENTIMETER","fieldEnum":"GAIN_ELEVATION","valid":true},{"value":17988.0,"connectIQ":false,"unitEnum":"CENTIMETER","fieldEnum":"SUM_DISTANCE","valid":true},{"value":108.328125,"connectIQ":false,"unitEnum":"BPM","fieldEnum":"WEIGHTED_MEAN_DOUBLE_CADENCE","valid":true},{"value":162.0,"connectIQ":false,"unitEnum":"BPM","fieldEnum":"MAX_HEARTRATE","valid":true},{"value":111.0,"connectIQ":false,"unitEnum":"BPM","fieldEnum":"MAX_DOUBLE_CADENCE","valid":true},{"value":114000.0,"connectIQ":false,"unitEnum":"MILLISECOND","fieldEnum":"SUM_ELAPSEDDURATION","valid":true},{"value":100.0,"connectIQ":false,"unitEnum":"CENTIMETER","fieldEnum":"LOSS_ELEVATION","valid":true},{"value":0.15779999494552613,"connectIQ":false,"unitEnum":"CENTIMETERS_PER_MILLISECOND","fieldEnum":"WEIGHTED_MEAN_SPEED","valid":true},{"value":114000.0,"connectIQ":false,"unitEnum":"MILLISECOND","fieldEnum":"SUM_DURATION","valid":true},{"value":0.001200000010430813,"connectIQ":false,"unitEnum":"CENTIMETERS_PER_MILLISECOND","fieldEnum":"WEIGHTED_MEAN_VERTICAL_SPEED","valid":true},{"value":0.15210000276565552,"connectIQ":false,"unitEnum":"CENTIMETERS_PER_MILLISECOND","fieldEnum":"MAX_SPEED","valid":true},{"value":87.39529718660563,"connectIQ":false,"unitEnum":"CENTIMETER","fieldEnum":"WEIGHTED_MEAN_STRIDE_LENGTH","valid":true},{"value":0.012128354373731111,"connectIQ":false,"unitEnum":"CENTIMETERS_PER_MILLISECOND","fieldEnum":"WEIGHTED_MEAN_ELAPSED_DURATION_VERTICAL_SPEED","valid":true},{"value":114000.0,"connectIQ":false,"unitEnum":"MILLISECOND","fieldEnum":"SUM_MOVINGDURATION","valid":true},{"value":0.1577894779673794,"connectIQ":false,"unitEnum":"CENTIMETERS_PER_MILLISECOND","fieldEnum":"WEIGHTED_MEAN_MOVINGSPEED","valid":true}]},{"startTimeSource":0,"endTimeSource":0,"startTimeGMT":1747157323000,"endTimeGMT":1747157570000,"startLatitude":31.790707670152187,"startLongitude":34.630906004458666,"endLatitude":31.790729044005275,"endLongitude":34.63156431913376,"messageIndex":4,"type":17,"startIndex":171,"endIndex":232,"totalExerciseReps":0,"measurements":[{"value":71.0,"connectIQ":false,"unitEnum":"BPM","fieldEnum":"WEIGHTED_MEAN_RUNCADENCE","valid":true},{"value":80.0,"connectIQ":false,"unitEnum":"BPM","fieldEnum":"MAX_RUNCADENCE","valid":true},{"value":33.52016,"connectIQ":false,"unitEnum":"KILOJOULE","fieldEnum":"SUM_BMR_ENERGY","valid":true},{"value":297.49141999999995,"connectIQ":false,"unitEnum":"KILOJOULE","fieldEnum":"SUM_ENERGY","valid":true},{"value":154.0,"connectIQ":false,"unitEnum":"BPM","fieldEnum":"WEIGHTED_MEAN_HEARTRATE","valid":true},{"value":1600.0,"connectIQ":false,"unitEnum":"CENTIMETER","fieldEnum":"GAIN_ELEVATION","valid":true},{"value":63407.0,"connectIQ":false,"unitEnum":"CENTIMETER","fieldEnum":"SUM_DISTANCE","valid":true},{"value":142.59375,"connectIQ":false,"unitEnum":"BPM","fieldEnum":"WEIGHTED_MEAN_DOUBLE_CADENCE","valid":true},{"value":167.0,"connectIQ":false,"unitEnum":"BPM","fieldEnum":"MAX_HEARTRATE","valid":true},{"value":160.0,"connectIQ":false,"unitEnum":"BPM","fieldEnum":"MAX_DOUBLE_CADENCE","valid":true},{"value":248000.0,"connectIQ":false,"unitEnum":"MILLISECOND","fieldEnum":"SUM_ELAPSEDDURATION","valid":true},{"value":700.0,"connectIQ":false,"unitEnum":"CENTIMETER","fieldEnum":"LOSS_ELEVATION","valid":true},{"value":0.2556999921798706,"connectIQ":false,"unitEnum":"CENTIMETERS_PER_MILLISECOND","fieldEnum":"WEIGHTED_MEAN_SPEED","valid":true},{"value":248000.0,"connectIQ":false,"unitEnum":"MILLISECOND","fieldEnum":"SUM_DURATION","valid":true},{"value":0.0035000000149011615,"connectIQ":false,"unitEnum":"CENTIMETERS_PER_MILLISECOND","fieldEnum":"WEIGHTED_MEAN_VERTICAL_SPEED","valid":true},{"value":0.31540000438690186,"connectIQ":false,"unitEnum":"CENTIMETERS_PER_MILLISECOND","fieldEnum":"MAX_SPEED","valid":true},{"value":107.58117661542173,"connectIQ":false,"unitEnum":"CENTIMETER","fieldEnum":"WEIGHTED_MEAN_STRIDE_LENGTH","valid":true},{"value":-0.0036337875929035126,"connectIQ":false,"unitEnum":"CENTIMETERS_PER_MILLISECOND","fieldEnum":"WEIGHTED_MEAN_ELAPSED_DURATION_VERTICAL_SPEED","valid":true},{"value":244000.0,"connectIQ":false,"unitEnum":"MILLISECOND","fieldEnum":"SUM_MOVINGDURATION","valid":true},{"value":0.25986475710008966,"connectIQ":false,"unitEnum":"CENTIMETERS_PER_MILLISECOND","fieldEnum":"WEIGHTED_MEAN_MOVINGSPEED","valid":true}]},{"startTimeSource":0,"endTimeSource":0,"startTimeGMT":1747157571000,"endTimeGMT":1747157607000,"startLatitude":31.790685458108783,"startLongitude":34.631504556164145,"endLatitude":31.790675735101104,"endLongitude":34.63087867945433,"messageIndex":5,"type":18,"startIndex":233,"endIndex":242,"totalExerciseReps":0,"measurements":[{"value":55.0,"connectIQ":false,"unitEnum":"BPM","fieldEnum":"WEIGHTED_MEAN_RUNCADENCE","valid":true},{"value":105.0,"connectIQ":false,"unitEnum":"BPM","fieldEnum":"MAX_RUNCADENCE","valid":true},{"value":4.19002,"connectIQ":false,"unitEnum":"KILOJOULE","fieldEnum":"SUM_BMR_ENERGY","valid":true},{"value":29.330139999999997,"connectIQ":false,"unitEnum":"KILOJOULE","fieldEnum":"SUM_ENERGY","valid":true},{"value":150.0,"connectIQ":false,"unitEnum":"BPM","fieldEnum":"WEIGHTED_MEAN_HEARTRATE","valid":true},{"value":0.0,"connectIQ":false,"unitEnum":"CENTIMETER","fieldEnum":"GAIN_ELEVATION","valid":true},{"value":5149.0,"connectIQ":false,"unitEnum":"CENTIMETER","fieldEnum":"SUM_DISTANCE","valid":true},{"value":110.90625,"connectIQ":false,"unitEnum":"BPM","fieldEnum":"WEIGHTED_MEAN_DOUBLE_CADENCE","valid":true},{"value":155.0,"connectIQ":false,"unitEnum":"BPM","fieldEnum":"MAX_HEARTRATE","valid":true},{"value":210.0,"connectIQ":false,"unitEnum":"BPM","fieldEnum":"MAX_DOUBLE_CADENCE","valid":true},{"value":37000.0,"connectIQ":false,"unitEnum":"MILLISECOND","fieldEnum":"SUM_ELAPSEDDURATION","valid":true},{"value":300.0,"connectIQ":false,"unitEnum":"CENTIMETER","fieldEnum":"LOSS_ELEVATION","valid":true},{"value":0.13919999599456787,"connectIQ":false,"unitEnum":"CENTIMETERS_PER_MILLISECOND","fieldEnum":"WEIGHTED_MEAN_SPEED","valid":true},{"value":37000.0,"connectIQ":false,"unitEnum":"MILLISECOND","fieldEnum":"SUM_DURATION","valid":true},{"value":0.0,"connectIQ":false,"unitEnum":"CENTIMETERS_PER_MILLISECOND","fieldEnum":"WEIGHTED_MEAN_VERTICAL_SPEED","valid":true},{"value":0.16699999570846558,"connectIQ":false,"unitEnum":"CENTIMETERS_PER_MILLISECOND","fieldEnum":"MAX_SPEED","valid":true},{"value":75.2863792790175,"connectIQ":false,"unitEnum":"CENTIMETER","fieldEnum":"WEIGHTED_MEAN_STRIDE_LENGTH","valid":true},{"value":0.024666765964392462,"connectIQ":false,"unitEnum":"CENTIMETERS_PER_MILLISECOND","fieldEnum":"WEIGHTED_MEAN_ELAPSED_DURATION_VERTICAL_SPEED","valid":true},{"value":33000.0,"connectIQ":false,"unitEnum":"MILLISECOND","fieldEnum":"SUM_MOVINGDURATION","valid":true},{"value":0.15603030811656604,"connectIQ":false,"unitEnum":"CENTIMETERS_PER_MILLISECOND","fieldEnum":"WEIGHTED_MEAN_MOVINGSPEED","valid":true}]},{"startTimeSource":0,"endTimeSource":0,"startTimeGMT":1747157608000,"endTimeGMT":1747157620000,"startLatitude":31.79063885472715,"startLongitude":34.63081522844732,"endLatitude":31.79061354137957,"endLongitude":34.630764266476035,"messageIndex":6,"type":17,"startIndex":243,"endIndex":244,"totalExerciseReps":0,"measurements":[{"value":77.0,"connectIQ":false,"unitEnum":"BPM","fieldEnum":"WEIGHTED_MEAN_RUNCADENCE","valid":true},{"value":105.0,"connectIQ":false,"unitEnum":"BPM","fieldEnum":"MAX_RUNCADENCE","valid":true},{"value":0.0,"connectIQ":false,"unitEnum":"KILOJOULE","fieldEnum":"SUM_BMR_ENERGY","valid":true},{"value":8.38004,"connectIQ":false,"unitEnum":"KILOJOULE","fieldEnum":"SUM_ENERGY","valid":true},{"value":141.0,"connectIQ":false,"unitEnum":"BPM","fieldEnum":"WEIGHTED_MEAN_HEARTRATE","valid":true},{"value":0.0,"connectIQ":false,"unitEnum":"CENTIMETER","fieldEnum":"GAIN_ELEVATION","valid":true},{"value":1844.0,"connectIQ":false,"unitEnum":"CENTIMETER","fieldEnum":"SUM_DISTANCE","valid":true},{"value":153.84375,"connectIQ":false,"unitEnum":"BPM","fieldEnum":"WEIGHTED_MEAN_DOUBLE_CADENCE","valid":true},{"value":142.0,"connectIQ":false,"unitEnum":"BPM","fieldEnum":"MAX_HEARTRATE","valid":true},{"value":210.0,"connectIQ":false,"unitEnum":"BPM","fieldEnum":"MAX_DOUBLE_CADENCE","valid":true},{"value":13000.0,"connectIQ":false,"unitEnum":"MILLISECOND","fieldEnum":"SUM_ELAPSEDDURATION","valid":true},{"value":100.0,"connectIQ":false,"unitEnum":"CENTIMETER","fieldEnum":"LOSS_ELEVATION","valid":true},{"value":0.14179999828338624,"connectIQ":false,"unitEnum":"CENTIMETERS_PER_MILLISECOND","fieldEnum":"WEIGHTED_MEAN_SPEED","valid":true},{"value":13000.0,"connectIQ":false,"unitEnum":"MILLISECOND","fieldEnum":"SUM_DURATION","valid":true},{"value":0.0,"connectIQ":false,"unitEnum":"CENTIMETERS_PER_MILLISECOND","fieldEnum":"WEIGHTED_MEAN_VERTICAL_SPEED","valid":true},{"value":0.16799999475479127,"connectIQ":false,"unitEnum":"CENTIMETERS_PER_MILLISECOND","fieldEnum":"MAX_SPEED","valid":true},{"value":55.32086599070395,"connectIQ":false,"unitEnum":"CENTIMETER","fieldEnum":"WEIGHTED_MEAN_STRIDE_LENGTH","valid":true},{"value":-0.0232489013671875,"connectIQ":false,"unitEnum":"CENTIMETERS_PER_MILLISECOND","fieldEnum":"WEIGHTED_MEAN_ELAPSED_DURATION_VERTICAL_SPEED","valid":true},{"value":5000.0,"connectIQ":false,"unitEnum":"MILLISECOND","fieldEnum":"SUM_MOVINGDURATION","valid":true},{"value":0.36880001068115237,"connectIQ":false,"unitEnum":"CENTIMETERS_PER_MILLISECOND","fieldEnum":"WEIGHTED_MEAN_MOVINGSPEED","valid":true}]},{"startTimeSource":0,"endTimeSource":0,"startTimeGMT":1747157621000,"endTimeGMT":1747157623000,"startLatitude":31.790564758703113,"startLongitude":34.630643147975206,"messageIndex":7,"type":18,"startIndex":245,"endIndex":245,"totalExerciseReps":0,"measurements":[{"value":72.0,"connectIQ":false,"unitEnum":"BPM","fieldEnum":"WEIGHTED_MEAN_RUNCADENCE","valid":true},{"value":111.0,"connectIQ":false,"unitEnum":"BPM","fieldEnum":"MAX_RUNCADENCE","valid":true},{"value":0.0,"connectIQ":false,"unitEnum":"KILOJOULE","fieldEnum":"SUM_BMR_ENERGY","valid":true},{"value":4.19002,"connectIQ":false,"unitEnum":"KILOJOULE","fieldEnum":"SUM_ENERGY","valid":true},{"value":140.0,"connectIQ":false,"unitEnum":"BPM","fieldEnum":"WEIGHTED_MEAN_HEARTRATE","valid":true},{"value":0.0,"connectIQ":false,"unitEnum":"CENTIMETER","fieldEnum":"GAIN_ELEVATION","valid":true},{"value":280.0,"connectIQ":false,"unitEnum":"CENTIMETER","fieldEnum":"SUM_DISTANCE","valid":true},{"value":144.0,"connectIQ":false,"unitEnum":"BPM","fieldEnum":"WEIGHTED_MEAN_DOUBLE_CADENCE","valid":true},{"value":140.0,"connectIQ":false,"unitEnum":"BPM","fieldEnum":"MAX_HEARTRATE","valid":true},{"value":222.0,"connectIQ":false,"unitEnum":"BPM","fieldEnum":"MAX_DOUBLE_CADENCE","valid":true},{"value":3000.0,"connectIQ":false,"unitEnum":"MILLISECOND","fieldEnum":"SUM_ELAPSEDDURATION","valid":true},{"value":0.0,"connectIQ":false,"unitEnum":"CENTIMETER","fieldEnum":"LOSS_ELEVATION","valid":true},{"value":0.09330000281333924,"connectIQ":false,"unitEnum":"CENTIMETERS_PER_MILLISECOND","fieldEnum":"WEIGHTED_MEAN_SPEED","valid":true},{"value":3000.0,"connectIQ":false,"unitEnum":"MILLISECOND","fieldEnum":"SUM_DURATION","valid":true},{"value":0.0,"connectIQ":false,"unitEnum":"CENTIMETERS_PER_MILLISECOND","fieldEnum":"WEIGHTED_MEAN_VERTICAL_SPEED","valid":true},{"value":0.15959999561309815,"connectIQ":false,"unitEnum":"CENTIMETERS_PER_MILLISECOND","fieldEnum":"MAX_SPEED","valid":true},{"value":38.88888822661506,"connectIQ":false,"unitEnum":"CENTIMETER","fieldEnum":"WEIGHTED_MEAN_STRIDE_LENGTH","valid":true}]},{"startTimeSource":0,"endTimeSource":0,"startTimeGMT":1747157624000,"endTimeGMT":1747157631000,"startLatitude":31.79055738262832,"startLongitude":34.630619091913104,"endLatitude":31.79055738262832,"endLongitude":34.630619091913104,"messageIndex":8,"type":17,"startIndex":246,"endIndex":247,"totalExerciseReps":0,"measurements":[{"value":60.0,"connectIQ":false,"unitEnum":"BPM","fieldEnum":"WEIGHTED_MEAN_RUNCADENCE","valid":true},{"value":111.0,"connectIQ":false,"unitEnum":"BPM","fieldEnum":"MAX_RUNCADENCE","valid":true},{"value":0.0,"connectIQ":false,"unitEnum":"KILOJOULE","fieldEnum":"SUM_BMR_ENERGY","valid":true},{"value":4.19002,"connectIQ":false,"unitEnum":"KILOJOULE","fieldEnum":"SUM_ENERGY","valid":true},{"value":139.0,"connectIQ":false,"unitEnum":"BPM","fieldEnum":"WEIGHTED_MEAN_HEARTRATE","valid":true},{"value":0.0,"connectIQ":false,"unitEnum":"CENTIMETER","fieldEnum":"GAIN_ELEVATION","valid":true},{"value":1189.0,"connectIQ":false,"unitEnum":"CENTIMETER","fieldEnum":"SUM_DISTANCE","valid":true},{"value":119.75,"connectIQ":false,"unitEnum":"BPM","fieldEnum":"WEIGHTED_MEAN_DOUBLE_CADENCE","valid":true},{"value":140.0,"connectIQ":false,"unitEnum":"BPM","fieldEnum":"MAX_HEARTRATE","valid":true},{"value":222.0,"connectIQ":false,"unitEnum":"BPM","fieldEnum":"MAX_DOUBLE_CADENCE","valid":true},{"value":8001.0,"connectIQ":false,"unitEnum":"MILLISECOND","fieldEnum":"SUM_ELAPSEDDURATION","valid":true},{"value":200.0,"connectIQ":false,"unitEnum":"CENTIMETER","fieldEnum":"LOSS_ELEVATION","valid":true},{"value":0.14859999418258668,"connectIQ":false,"unitEnum":"CENTIMETERS_PER_MILLISECOND","fieldEnum":"WEIGHTED_MEAN_SPEED","valid":true},{"value":8001.0,"connectIQ":false,"unitEnum":"MILLISECOND","fieldEnum":"SUM_DURATION","valid":true},{"value":0.0,"connectIQ":false,"unitEnum":"CENTIMETERS_PER_MILLISECOND","fieldEnum":"WEIGHTED_MEAN_VERTICAL_SPEED","valid":true},{"value":0.15579999685287477,"connectIQ":false,"unitEnum":"CENTIMETERS_PER_MILLISECOND","fieldEnum":"MAX_SPEED","valid":true},{"value":74.45833201384859,"connectIQ":false,"unitEnum":"CENTIMETER","fieldEnum":"WEIGHTED_MEAN_STRIDE_LENGTH","valid":true},{"value":-0.014178228378295899,"connectIQ":false,"unitEnum":"CENTIMETERS_PER_MILLISECOND","fieldEnum":"WEIGHTED_MEAN_ELAPSED_DURATION_VERTICAL_SPEED","valid":true},{"value":2000.0,"connectIQ":false,"unitEnum":"MILLISECOND","fieldEnum":"SUM_MOVINGDURATION","valid":true},{"value":0.5945000171661378,"connectIQ":false,"unitEnum":"CENTIMETERS_PER_MILLISECOND","fieldEnum":"WEIGHTED_MEAN_MOVINGSPEED","valid":true}]},{"startTimeSource":0,"endTimeSource":0,"startTimeGMT":1747157632000,"endTimeGMT":1747157683000,"startLatitude":31.790562411770225,"startLongitude":34.63049093261361,"endLatitude":31.7902010679245,"endLongitude":34.62998550385237,"messageIndex":9,"type":18,"startIndex":248,"endIndex":256,"totalExerciseReps":0,"measurements":[{"value":49.0,"connectIQ":false,"unitEnum":"BPM","fieldEnum":"WEIGHTED_MEAN_RUNCADENCE","valid":true},{"value":78.0,"connectIQ":false,"unitEnum":"BPM","fieldEnum":"MAX_RUNCADENCE","valid":true},{"value":8.38004,"connectIQ":false,"unitEnum":"KILOJOULE","fieldEnum":"SUM_BMR_ENERGY","valid":true},{"value":29.330139999999997,"connectIQ":false,"unitEnum":"KILOJOULE","fieldEnum":"SUM_ENERGY","valid":true},{"value":130.0,"connectIQ":false,"unitEnum":"BPM","fieldEnum":"WEIGHTED_MEAN_HEARTRATE","valid":true},{"value":200.0,"connectIQ":false,"unitEnum":"CENTIMETER","fieldEnum":"GAIN_ELEVATION","valid":true},{"value":8147.0,"connectIQ":false,"unitEnum":"CENTIMETER","fieldEnum":"SUM_DISTANCE","valid":true},{"value":98.1875,"connectIQ":false,"unitEnum":"BPM","fieldEnum":"WEIGHTED_MEAN_DOUBLE_CADENCE","valid":true},{"value":140.0,"connectIQ":false,"unitEnum":"BPM","fieldEnum":"MAX_HEARTRATE","valid":true},{"value":156.0,"connectIQ":false,"unitEnum":"BPM","fieldEnum":"MAX_DOUBLE_CADENCE","valid":true},{"value":51999.0,"connectIQ":false,"unitEnum":"MILLISECOND","fieldEnum":"SUM_ELAPSEDDURATION","valid":true},{"value":100.0,"connectIQ":false,"unitEnum":"CENTIMETER","fieldEnum":"LOSS_ELEVATION","valid":true},{"value":0.15670000314712526,"connectIQ":false,"unitEnum":"CENTIMETERS_PER_MILLISECOND","fieldEnum":"WEIGHTED_MEAN_SPEED","valid":true},{"value":51999.0,"connectIQ":false,"unitEnum":"MILLISECOND","fieldEnum":"SUM_DURATION","valid":true},{"value":0.0014000000432133675,"connectIQ":false,"unitEnum":"CENTIMETERS_PER_MILLISECOND","fieldEnum":"WEIGHTED_MEAN_VERTICAL_SPEED","valid":true},{"value":0.1978000044822693,"connectIQ":false,"unitEnum":"CENTIMETERS_PER_MILLISECOND","fieldEnum":"MAX_SPEED","valid":true},{"value":95.74095925687136,"connectIQ":false,"unitEnum":"CENTIMETER","fieldEnum":"WEIGHTED_MEAN_STRIDE_LENGTH","valid":true},{"value":-0.014932232101758322,"connectIQ":false,"unitEnum":"CENTIMETERS_PER_MILLISECOND","fieldEnum":"WEIGHTED_MEAN_ELAPSED_DURATION_VERTICAL_SPEED","valid":true},{"value":48000.0,"connectIQ":false,"unitEnum":"MILLISECOND","fieldEnum":"SUM_MOVINGDURATION","valid":true},{"value":0.1697291692097982,"connectIQ":false,"unitEnum":"CENTIMETERS_PER_MILLISECOND","fieldEnum":"WEIGHTED_MEAN_MOVINGSPEED","valid":true}]},{"startTimeSource":0,"endTimeSource":0,"startTimeGMT":1747157684000,"endTimeGMT":1747157936000,"startLatitude":31.79010182619095,"startLongitude":34.629826080054045,"endLatitude":31.784446304664016,"endLongitude":34.62627349421382,"messageIndex":10,"type":17,"startIndex":257,"endIndex":312,"totalExerciseReps":0,"measurements":[{"value":77.0,"connectIQ":false,"unitEnum":"BPM","fieldEnum":"WEIGHTED_MEAN_RUNCADENCE","valid":true},{"value":80.0,"connectIQ":false,"unitEnum":"BPM","fieldEnum":"MAX_RUNCADENCE","valid":true},{"value":33.52016,"connectIQ":false,"unitEnum":"KILOJOULE","fieldEnum":"SUM_BMR_ENERGY","valid":true},{"value":305.87145999999996,"connectIQ":false,"unitEnum":"KILOJOULE","fieldEnum":"SUM_ENERGY","valid":true},{"value":159.0,"connectIQ":false,"unitEnum":"BPM","fieldEnum":"WEIGHTED_MEAN_HEARTRATE","valid":true},{"value":900.0,"connectIQ":false,"unitEnum":"CENTIMETER","fieldEnum":"GAIN_ELEVATION","valid":true},{"value":74063.0,"connectIQ":false,"unitEnum":"CENTIMETER","fieldEnum":"SUM_DISTANCE","valid":true},{"value":153.671875,"connectIQ":false,"unitEnum":"BPM","fieldEnum":"WEIGHTED_MEAN_DOUBLE_CADENCE","valid":true},{"value":169.0,"connectIQ":false,"unitEnum":"BPM","fieldEnum":"MAX_HEARTRATE","valid":true},{"value":159.0,"connectIQ":false,"unitEnum":"BPM","fieldEnum":"MAX_DOUBLE_CADENCE","valid":true},{"value":253000.0,"connectIQ":false,"unitEnum":"MILLISECOND","fieldEnum":"SUM_ELAPSEDDURATION","valid":true},{"value":700.0,"connectIQ":false,"unitEnum":"CENTIMETER","fieldEnum":"LOSS_ELEVATION","valid":true},{"value":0.29270000457763673,"connectIQ":false,"unitEnum":"CENTIMETERS_PER_MILLISECOND","fieldEnum":"WEIGHTED_MEAN_SPEED","valid":true},{"value":253000.0,"connectIQ":false,"unitEnum":"MILLISECOND","fieldEnum":"SUM_DURATION","valid":true},{"value":6.000000052154065E-4,"connectIQ":false,"unitEnum":"CENTIMETERS_PER_MILLISECOND","fieldEnum":"WEIGHTED_MEAN_VERTICAL_SPEED","valid":true},{"value":0.35460000038146977,"connectIQ":false,"unitEnum":"CENTIMETERS_PER_MILLISECOND","fieldEnum":"MAX_SPEED","valid":true},{"value":114.29773953031341,"connectIQ":false,"unitEnum":"CENTIMETER","fieldEnum":"WEIGHTED_MEAN_STRIDE_LENGTH","valid":true},{"value":-0.0017397529200503703,"connectIQ":false,"unitEnum":"CENTIMETERS_PER_MILLISECOND","fieldEnum":"WEIGHTED_MEAN_ELAPSED_DURATION_VERTICAL_SPEED","valid":true},{"value":247000.0,"connectIQ":false,"unitEnum":"MILLISECOND","fieldEnum":"SUM_MOVINGDURATION","valid":true},{"value":0.29985020440599697,"connectIQ":false,"unitEnum":"CENTIMETERS_PER_MILLISECOND","fieldEnum":"WEIGHTED_MEAN_MOVINGSPEED","valid":true}]},{"startTimeSource":0,"endTimeSource":0,"startTimeGMT":1747157937000,"endTimeGMT":1747158042000,"startLatitude":31.784347482025623,"startLongitude":34.62624264881015,"endLatitude":31.783277448266745,"endLongitude":34.625769993290305,"messageIndex":11,"type":18,"startIndex":313,"endIndex":337,"totalExerciseReps":0,"measurements":[{"value":51.0,"connectIQ":false,"unitEnum":"BPM","fieldEnum":"WEIGHTED_MEAN_RUNCADENCE","valid":true},{"value":54.0,"connectIQ":false,"unitEnum":"BPM","fieldEnum":"MAX_RUNCADENCE","valid":true},{"value":12.570059999999998,"connectIQ":false,"unitEnum":"KILOJOULE","fieldEnum":"SUM_BMR_ENERGY","valid":true},{"value":62.8503,"connectIQ":false,"unitEnum":"KILOJOULE","fieldEnum":"SUM_ENERGY","valid":true},{"value":132.0,"connectIQ":false,"unitEnum":"BPM","fieldEnum":"WEIGHTED_MEAN_HEARTRATE","valid":true},{"value":100.0,"connectIQ":false,"unitEnum":"CENTIMETER","fieldEnum":"GAIN_ELEVATION","valid":true},{"value":15517.0,"connectIQ":false,"unitEnum":"CENTIMETER","fieldEnum":"SUM_DISTANCE","valid":true},{"value":102.6875,"connectIQ":false,"unitEnum":"BPM","fieldEnum":"WEIGHTED_MEAN_DOUBLE_CADENCE","valid":true},{"value":161.0,"connectIQ":false,"unitEnum":"BPM","fieldEnum":"MAX_HEARTRATE","valid":true},{"value":108.0,"connectIQ":false,"unitEnum":"BPM","fieldEnum":"MAX_DOUBLE_CADENCE","valid":true},{"value":106000.0,"connectIQ":false,"unitEnum":"MILLISECOND","fieldEnum":"SUM_ELAPSEDDURATION","valid":true},{"value":400.0,"connectIQ":false,"unitEnum":"CENTIMETER","fieldEnum":"LOSS_ELEVATION","valid":true},{"value":0.14639999866485595,"connectIQ":false,"unitEnum":"CENTIMETERS_PER_MILLISECOND","fieldEnum":"WEIGHTED_MEAN_SPEED","valid":true},{"value":106000.0,"connectIQ":false,"unitEnum":"MILLISECOND","fieldEnum":"SUM_DURATION","valid":true},{"value":0.0,"connectIQ":false,"unitEnum":"CENTIMETERS_PER_MILLISECOND","fieldEnum":"WEIGHTED_MEAN_VERTICAL_SPEED","valid":true},{"value":0.14459999799728393,"connectIQ":false,"unitEnum":"CENTIMETERS_PER_MILLISECOND","fieldEnum":"MAX_SPEED","valid":true},{"value":85.5333652443112,"connectIQ":false,"unitEnum":"CENTIMETER","fieldEnum":"WEIGHTED_MEAN_STRIDE_LENGTH","valid":true},{"value":0.0050938095735467,"connectIQ":false,"unitEnum":"CENTIMETERS_PER_MILLISECOND","fieldEnum":"WEIGHTED_MEAN_ELAPSED_DURATION_VERTICAL_SPEED","valid":true},{"value":92000.0,"connectIQ":false,"unitEnum":"MILLISECOND","fieldEnum":"SUM_MOVINGDURATION","valid":true},{"value":0.16866304148798406,"connectIQ":false,"unitEnum":"CENTIMETERS_PER_MILLISECOND","fieldEnum":"WEIGHTED_MEAN_MOVINGSPEED","valid":true}]},{"startTimeSource":0,"endTimeSource":0,"startTimeGMT":1747158043000,"endTimeGMT":1747158294000,"startLatitude":31.783046359196305,"startLongitude":34.62563437409699,"endLatitude":31.77797849290073,"endLongitude":34.62381441146135,"messageIndex":12,"type":17,"startIndex":338,"endIndex":387,"totalExerciseReps":0,"measurements":[{"value":73.0,"connectIQ":false,"unitEnum":"BPM","fieldEnum":"WEIGHTED_MEAN_RUNCADENCE","valid":true},{"value":79.0,"connectIQ":false,"unitEnum":"BPM","fieldEnum":"MAX_RUNCADENCE","valid":true},{"value":33.52016,"connectIQ":false,"unitEnum":"KILOJOULE","fieldEnum":"SUM_BMR_ENERGY","valid":true},{"value":284.92136,"connectIQ":false,"unitEnum":"KILOJOULE","fieldEnum":"SUM_ENERGY","valid":true},{"value":153.0,"connectIQ":false,"unitEnum":"BPM","fieldEnum":"WEIGHTED_MEAN_HEARTRATE","valid":true},{"value":700.0,"connectIQ":false,"unitEnum":"CENTIMETER","fieldEnum":"GAIN_ELEVATION","valid":true},{"value":61788.0,"connectIQ":false,"unitEnum":"CENTIMETER","fieldEnum":"SUM_DISTANCE","valid":true},{"value":145.28125,"connectIQ":false,"unitEnum":"BPM","fieldEnum":"WEIGHTED_MEAN_DOUBLE_CADENCE","valid":true},{"value":161.0,"connectIQ":false,"unitEnum":"BPM","fieldEnum":"MAX_HEARTRATE","valid":true},{"value":157.0,"connectIQ":false,"unitEnum":"BPM","fieldEnum":"MAX_DOUBLE_CADENCE","valid":true},{"value":252000.0,"connectIQ":false,"unitEnum":"MILLISECOND","fieldEnum":"SUM_ELAPSEDDURATION","valid":true},{"value":0.0,"connectIQ":false,"unitEnum":"CENTIMETER","fieldEnum":"LOSS_ELEVATION","valid":true},{"value":0.24519999027252198,"connectIQ":false,"unitEnum":"CENTIMETERS_PER_MILLISECOND","fieldEnum":"WEIGHTED_MEAN_SPEED","valid":true},{"value":252000.0,"connectIQ":false,"unitEnum":"MILLISECOND","fieldEnum":"SUM_DURATION","valid":true},{"value":0.0027000000700354576,"connectIQ":false,"unitEnum":"CENTIMETERS_PER_MILLISECOND","fieldEnum":"WEIGHTED_MEAN_VERTICAL_SPEED","valid":true},{"value":0.2697000026702881,"connectIQ":false,"unitEnum":"CENTIMETERS_PER_MILLISECOND","fieldEnum":"MAX_SPEED","valid":true},{"value":101.26171606925196,"connectIQ":false,"unitEnum":"CENTIMETER","fieldEnum":"WEIGHTED_MEAN_STRIDE_LENGTH","valid":true},{"value":0.002807505989846913,"connectIQ":false,"unitEnum":"CENTIMETERS_PER_MILLISECOND","fieldEnum":"WEIGHTED_MEAN_ELAPSED_DURATION_VERTICAL_SPEED","valid":true},{"value":247000.0,"connectIQ":false,"unitEnum":"MILLISECOND","fieldEnum":"SUM_MOVINGDURATION","valid":true},{"value":0.2501538481306933,"connectIQ":false,"unitEnum":"CENTIMETERS_PER_MILLISECOND","fieldEnum":"WEIGHTED_MEAN_MOVINGSPEED","valid":true}]},{"startTimeSource":0,"endTimeSource":0,"startTimeGMT":1747158295000,"endTimeGMT":1747158400000,"startLatitude":31.777810603380203,"startLongitude":34.62375515140593,"endLatitude":31.776523981243372,"endLongitude":34.62336807511747,"messageIndex":13,"type":18,"startIndex":388,"endIndex":406,"totalExerciseReps":0,"measurements":[{"value":54.0,"connectIQ":false,"unitEnum":"BPM","fieldEnum":"WEIGHTED_MEAN_RUNCADENCE","valid":true},{"value":104.0,"connectIQ":false,"unitEnum":"BPM","fieldEnum":"MAX_RUNCADENCE","valid":true},{"value":12.570059999999998,"connectIQ":false,"unitEnum":"KILOJOULE","fieldEnum":"SUM_BMR_ENERGY","valid":true},{"value":71.23034,"connectIQ":false,"unitEnum":"KILOJOULE","fieldEnum":"SUM_ENERGY","valid":true},{"value":143.0,"connectIQ":false,"unitEnum":"BPM","fieldEnum":"WEIGHTED_MEAN_HEARTRATE","valid":true},{"value":300.0,"connectIQ":false,"unitEnum":"CENTIMETER","fieldEnum":"GAIN_ELEVATION","valid":true},{"value":15098.0,"connectIQ":false,"unitEnum":"CENTIMETER","fieldEnum":"SUM_DISTANCE","valid":true},{"value":107.03125,"connectIQ":false,"unitEnum":"BPM","fieldEnum":"WEIGHTED_MEAN_DOUBLE_CADENCE","valid":true},{"value":160.0,"connectIQ":false,"unitEnum":"BPM","fieldEnum":"MAX_HEARTRATE","valid":true},{"value":208.0,"connectIQ":false,"unitEnum":"BPM","fieldEnum":"MAX_DOUBLE_CADENCE","valid":true},{"value":106000.0,"connectIQ":false,"unitEnum":"MILLISECOND","fieldEnum":"SUM_ELAPSEDDURATION","valid":true},{"value":100.0,"connectIQ":false,"unitEnum":"CENTIMETER","fieldEnum":"LOSS_ELEVATION","valid":true},{"value":0.14240000247955323,"connectIQ":false,"unitEnum":"CENTIMETERS_PER_MILLISECOND","fieldEnum":"WEIGHTED_MEAN_SPEED","valid":true},{"value":106000.0,"connectIQ":false,"unitEnum":"MILLISECOND","fieldEnum":"SUM_DURATION","valid":true},{"value":0.0014000000432133675,"connectIQ":false,"unitEnum":"CENTIMETERS_PER_MILLISECOND","fieldEnum":"WEIGHTED_MEAN_VERTICAL_SPEED","valid":true},{"value":0.15679999589920046,"connectIQ":false,"unitEnum":"CENTIMETERS_PER_MILLISECOND","fieldEnum":"MAX_SPEED","valid":true},{"value":79.8461897250723,"connectIQ":false,"unitEnum":"CENTIMETER","fieldEnum":"WEIGHTED_MEAN_STRIDE_LENGTH","valid":true},{"value":-5.329432788195911E-4,"connectIQ":false,"unitEnum":"CENTIMETERS_PER_MILLISECOND","fieldEnum":"WEIGHTED_MEAN_ELAPSED_DURATION_VERTICAL_SPEED","valid":true},{"value":106000.0,"connectIQ":false,"unitEnum":"MILLISECOND","fieldEnum":"SUM_MOVINGDURATION","valid":true},{"value":0.14243395823352742,"connectIQ":false,"unitEnum":"CENTIMETERS_PER_MILLISECOND","fieldEnum":"WEIGHTED_MEAN_MOVINGSPEED","valid":true}]},{"startTimeSource":0,"endTimeSource":0,"startTimeGMT":1747158401000,"endTimeGMT":1747158646000,"startLatitude":31.77648383192718,"startLongitude":34.623354664072394,"endLatitude":31.7735125310719,"endLongitude":34.62249845266342,"messageIndex":14,"type":17,"startIndex":407,"endIndex":453,"totalExerciseReps":0,"measurements":[{"value":75.0,"connectIQ":false,"unitEnum":"BPM","fieldEnum":"WEIGHTED_MEAN_RUNCADENCE","valid":true},{"value":104.0,"connectIQ":false,"unitEnum":"BPM","fieldEnum":"MAX_RUNCADENCE","valid":true},{"value":33.52016,"connectIQ":false,"unitEnum":"KILOJOULE","fieldEnum":"SUM_BMR_ENERGY","valid":true},{"value":263.97126,"connectIQ":false,"unitEnum":"KILOJOULE","fieldEnum":"SUM_ENERGY","valid":true},{"value":157.0,"connectIQ":false,"unitEnum":"BPM","fieldEnum":"WEIGHTED_MEAN_HEARTRATE","valid":true},{"value":700.0,"connectIQ":false,"unitEnum":"CENTIMETER","fieldEnum":"GAIN_ELEVATION","valid":true},{"value":60991.0,"connectIQ":false,"unitEnum":"CENTIMETER","fieldEnum":"SUM_DISTANCE","valid":true},{"value":149.734375,"connectIQ":false,"unitEnum":"BPM","fieldEnum":"WEIGHTED_MEAN_DOUBLE_CADENCE","valid":true},{"value":164.0,"connectIQ":false,"unitEnum":"BPM","fieldEnum":"MAX_HEARTRATE","valid":true},{"value":208.0,"connectIQ":false,"unitEnum":"BPM","fieldEnum":"MAX_DOUBLE_CADENCE","valid":true},{"value":246000.0,"connectIQ":false,"unitEnum":"MILLISECOND","fieldEnum":"SUM_ELAPSEDDURATION","valid":true},{"value":900.0,"connectIQ":false,"unitEnum":"CENTIMETER","fieldEnum":"LOSS_ELEVATION","valid":true},{"value":0.24790000915527344,"connectIQ":false,"unitEnum":"CENTIMETERS_PER_MILLISECOND","fieldEnum":"WEIGHTED_MEAN_SPEED","valid":true},{"value":246000.0,"connectIQ":false,"unitEnum":"MILLISECOND","fieldEnum":"SUM_DURATION","valid":true},{"value":0.0,"connectIQ":false,"unitEnum":"CENTIMETERS_PER_MILLISECOND","fieldEnum":"WEIGHTED_MEAN_VERTICAL_SPEED","valid":true},{"value":0.2845999956130982,"connectIQ":false,"unitEnum":"CENTIMETERS_PER_MILLISECOND","fieldEnum":"MAX_SPEED","valid":true},{"value":99.34828260728474,"connectIQ":false,"unitEnum":"CENTIMETER","fieldEnum":"WEIGHTED_MEAN_STRIDE_LENGTH","valid":true},{"value":0.0019130803770938164,"connectIQ":false,"unitEnum":"CENTIMETERS_PER_MILLISECOND","fieldEnum":"WEIGHTED_MEAN_ELAPSED_DURATION_VERTICAL_SPEED","valid":true},{"value":236000.0,"connectIQ":false,"unitEnum":"MILLISECOND","fieldEnum":"SUM_MOVINGDURATION","valid":true},{"value":0.2584364292985302,"connectIQ":false,"unitEnum":"CENTIMETERS_PER_MILLISECOND","fieldEnum":"WEIGHTED_MEAN_MOVINGSPEED","valid":true}]},{"startTimeSource":0,"endTimeSource":0,"startTimeGMT":1747158647000,"endTimeGMT":1747158657000,"startLatitude":31.773662231862545,"startLongitude":34.62254388257861,"endLatitude":31.77375627681613,"endLongitude":34.62257791310549,"messageIndex":15,"type":18,"startIndex":454,"endIndex":458,"totalExerciseReps":0,"measurements":[{"value":54.0,"connectIQ":false,"unitEnum":"BPM","fieldEnum":"WEIGHTED_MEAN_RUNCADENCE","valid":true},{"value":55.0,"connectIQ":false,"unitEnum":"BPM","fieldEnum":"MAX_RUNCADENCE","valid":true},{"value":0.0,"connectIQ":false,"unitEnum":"KILOJOULE","fieldEnum":"SUM_BMR_ENERGY","valid":true},{"value":8.38004,"connectIQ":false,"unitEnum":"KILOJOULE","fieldEnum":"SUM_ENERGY","valid":true},{"value":154.0,"connectIQ":false,"unitEnum":"BPM","fieldEnum":"WEIGHTED_MEAN_HEARTRATE","valid":true},{"value":0.0,"connectIQ":false,"unitEnum":"CENTIMETER","fieldEnum":"GAIN_ELEVATION","valid":true},{"value":1315.0,"connectIQ":false,"unitEnum":"CENTIMETER","fieldEnum":"SUM_DISTANCE","valid":true},{"value":108.0,"connectIQ":false,"unitEnum":"BPM","fieldEnum":"WEIGHTED_MEAN_DOUBLE_CADENCE","valid":true},{"value":160.0,"connectIQ":false,"unitEnum":"BPM","fieldEnum":"MAX_HEARTRATE","valid":true},{"value":110.0,"connectIQ":false,"unitEnum":"BPM","fieldEnum":"MAX_DOUBLE_CADENCE","valid":true},{"value":13751.0,"connectIQ":false,"unitEnum":"MILLISECOND","fieldEnum":"SUM_ELAPSEDDURATION","valid":true},{"value":0.0,"connectIQ":false,"unitEnum":"CENTIMETER","fieldEnum":"LOSS_ELEVATION","valid":true},{"value":0.1625,"connectIQ":false,"unitEnum":"CENTIMETERS_PER_MILLISECOND","fieldEnum":"WEIGHTED_MEAN_SPEED","valid":true},{"value":8092.0,"connectIQ":false,"unitEnum":"MILLISECOND","fieldEnum":"SUM_DURATION","valid":true},{"value":0.0,"connectIQ":false,"unitEnum":"CENTIMETERS_PER_MILLISECOND","fieldEnum":"WEIGHTED_MEAN_VERTICAL_SPEED","valid":true},{"value":0.19220000505447388,"connectIQ":false,"unitEnum":"CENTIMETERS_PER_MILLISECOND","fieldEnum":"MAX_SPEED","valid":true},{"value":90.28120781932797,"connectIQ":false,"unitEnum":"CENTIMETER","fieldEnum":"WEIGHTED_MEAN_STRIDE_LENGTH","valid":true},{"value":-0.002879619598388672,"connectIQ":false,"unitEnum":"CENTIMETERS_PER_MILLISECOND","fieldEnum":"WEIGHTED_MEAN_ELAPSED_DURATION_VERTICAL_SPEED","valid":true},{"value":8000.0,"connectIQ":false,"unitEnum":"MILLISECOND","fieldEnum":"SUM_MOVINGDURATION","valid":true},{"value":0.16437499523162843,"connectIQ":false,"unitEnum":"CENTIMETERS_PER_MILLISECOND","fieldEnum":"WEIGHTED_MEAN_MOVINGSPEED","valid":true}]}],"moderateIntensityMinutes":9,"vigorousIntensityMinutes":24,"maxLatitude":31.792579935863614,"maxLongitude":34.63354730978608,"minLatitude":31.772413328289986,"minLongitude":34.622214222326875,"hrTimeInZone_0":0,"hrTimeInZone_1":22664,"hrTimeInZone_2":286000,"hrTimeInZone_3":646030,"hrTimeInZone_4":1104382,"hrTimeInZone_5":0,"hrTimeInZone_6":0,"decoDive":false,"purposeful":false,"autoCalcCalories":false,"favorite":false,"pr":false,"elevationCorrected":true,"atpActivity":false,"parent":false},{"activityId":19094034407,"uuidMsb":-4976057311742767253,"uuidLsb":-6261877711907930691,"name":"Running","activityType":"running","userProfileId":121376460,"timeZoneId":473,"beginTimestamp":1746979791000,"eventTypeId":9,"rule":"private","sportType":"RUNNING","startTimeGmt":1.746979791E12,"startTimeLocal":1.746990591E12,"duration":1802571.044921875,"distance":416570.01953125,"elevationGain":4917.140245437622,"elevationLoss":4646.322393417358,"avgSpeed":0.23110001087188722,"maxSpeed":0.3331000089645386,"avgHr":161.0,"maxHr":179.0,"minHr":129.0,"avgRunCadence":67.0,"maxRunCadence":82.0,"steps":4086.0,"calories":1919.0291599999998,"bmrCalories":226.26108,"startLongitude":34.623430268839,"startLatitude":31.77683955989778,"avgStrideLength":102.62139628095335,"avgFractionalCadence":0.40625,"maxFractionalCadence":0.0,"vO2MaxValue":39.0,"elapsedDuration":1802571.044921875,"movingDuration":1796590.0039672852,"deviceId":3464461138,"minElevation":87.74086833000183,"maxElevation":1889.5391464233398,"avgDoubleCadence":134.8125,"maxDoubleCadence":164.0,"summarizedDiveInfo":{},"maxVerticalSpeed":0.04929464340209961,"manufacturer":"GARMIN","lapCount":5,"endLongitude":34.62344644591212,"endLatitude":31.77685322239995,"waterEstimated":180.0,"splitSummaries":[{"noOfSplits":6,"totalAscent":36.0,"duration":1246.001953125,"type":17,"numFalls":0,"numClimbSends":0,"numClimbsAttempted":0,"numClimbsCompleted":0,"maxElevationGain":12.0,"averageElevationGain":6.0,"maxDistance":717,"distance":3300.2900390625,"averageSpeed":2.6489999294281006,"maxSpeed":3.3310000896453857,"elevationLoss":28.0},{"noOfSplits":6,"totalAscent":16.0,"duration":556.5689697265625,"type":18,"numFalls":0,"numClimbSends":0,"numClimbsAttempted":0,"numClimbsCompleted":0,"maxElevationGain":6.0,"averageElevationGain":3.0,"maxDistance":178,"distance":862.6599731445312,"averageSpeed":1.5499999523162842,"maxSpeed":1.996999979019165,"elevationLoss":28.0}],"splits":[{"startTimeSource":0,"endTimeSource":0,"startTimeGMT":1746979795000,"endTimeGMT":1746980043000,"startLatitude":31.776879206299782,"startLongitude":34.623438315466046,"endLatitude":31.782684680074453,"endLongitude":34.62549649178982,"messageIndex":0,"type":17,"startIndex":3,"endIndex":57,"totalExerciseReps":0,"measurements":[{"value":161.0,"connectIQ":false,"unitEnum":"BPM","fieldEnum":"MAX_DOUBLE_CADENCE","valid":true},{"value":159.0,"connectIQ":false,"unitEnum":"BPM","fieldEnum":"WEIGHTED_MEAN_HEARTRATE","valid":true},{"value":254001.0,"connectIQ":false,"unitEnum":"MILLISECOND","fieldEnum":"SUM_DURATION","valid":true},{"value":0.2700000047683716,"connectIQ":false,"unitEnum":"CENTIMETERS_PER_MILLISECOND","fieldEnum":"WEIGHTED_MEAN_SPEED","valid":true},{"value":148.6875,"connectIQ":false,"unitEnum":"BPM","fieldEnum":"WEIGHTED_MEAN_DOUBLE_CADENCE","valid":true},{"value":168.0,"connectIQ":false,"unitEnum":"BPM","fieldEnum":"MAX_HEARTRATE","valid":true},{"value":254001.0,"connectIQ":false,"unitEnum":"MILLISECOND","fieldEnum":"SUM_ELAPSEDDURATION","valid":true},{"value":0.3088000059127808,"connectIQ":false,"unitEnum":"CENTIMETERS_PER_MILLISECOND","fieldEnum":"MAX_SPEED","valid":true},{"value":500.0,"connectIQ":false,"unitEnum":"CENTIMETER","fieldEnum":"LOSS_ELEVATION","valid":true},{"value":293.3014,"connectIQ":false,"unitEnum":"KILOJOULE","fieldEnum":"SUM_ENERGY","valid":true},{"value":33.52016,"connectIQ":false,"unitEnum":"KILOJOULE","fieldEnum":"SUM_BMR_ENERGY","valid":true},{"value":0.0,"connectIQ":false,"unitEnum":"CENTIMETERS_PER_MILLISECOND","fieldEnum":"WEIGHTED_MEAN_VERTICAL_SPEED","valid":true},{"value":81.0,"connectIQ":false,"unitEnum":"BPM","fieldEnum":"MAX_RUNCADENCE","valid":true},{"value":68576.0,"connectIQ":false,"unitEnum":"CENTIMETER","fieldEnum":"SUM_DISTANCE","valid":true},{"value":74.0,"connectIQ":false,"unitEnum":"BPM","fieldEnum":"WEIGHTED_MEAN_RUNCADENCE","valid":true},{"value":0.0,"connectIQ":false,"unitEnum":"CENTIMETER","fieldEnum":"GAIN_ELEVATION","valid":true},{"value":108.9465565141843,"connectIQ":false,"unitEnum":"CENTIMETER","fieldEnum":"WEIGHTED_MEAN_STRIDE_LENGTH","valid":true},{"value":-0.0016826148893012375,"connectIQ":false,"unitEnum":"CENTIMETERS_PER_MILLISECOND","fieldEnum":"WEIGHTED_MEAN_ELAPSED_DURATION_VERTICAL_SPEED","valid":true},{"value":243000.0,"connectIQ":false,"unitEnum":"MILLISECOND","fieldEnum":"SUM_MOVINGDURATION","valid":true},{"value":0.2822057653356482,"connectIQ":false,"unitEnum":"CENTIMETERS_PER_MILLISECOND","fieldEnum":"WEIGHTED_MEAN_MOVINGSPEED","valid":true}]},{"startTimeSource":0,"endTimeSource":0,"startTimeGMT":1746980044000,"endTimeGMT":1746980156000,"startLatitude":31.782758189365268,"startLongitude":34.625514429062605,"endLatitude":31.78407423198223,"endLongitude":34.62608456611633,"messageIndex":1,"type":18,"startIndex":58,"endIndex":78,"totalExerciseReps":0,"measurements":[{"value":110.0,"connectIQ":false,"unitEnum":"BPM","fieldEnum":"MAX_DOUBLE_CADENCE","valid":true},{"value":146.0,"connectIQ":false,"unitEnum":"BPM","fieldEnum":"WEIGHTED_MEAN_HEARTRATE","valid":true},{"value":112999.0,"connectIQ":false,"unitEnum":"MILLISECOND","fieldEnum":"SUM_DURATION","valid":true},{"value":0.1534000039100647,"connectIQ":false,"unitEnum":"CENTIMETERS_PER_MILLISECOND","fieldEnum":"WEIGHTED_MEAN_SPEED","valid":true},{"value":105.171875,"connectIQ":false,"unitEnum":"BPM","fieldEnum":"WEIGHTED_MEAN_DOUBLE_CADENCE","valid":true},{"value":164.0,"connectIQ":false,"unitEnum":"BPM","fieldEnum":"MAX_HEARTRATE","valid":true},{"value":112999.0,"connectIQ":false,"unitEnum":"MILLISECOND","fieldEnum":"SUM_ELAPSEDDURATION","valid":true},{"value":0.15019999742507936,"connectIQ":false,"unitEnum":"CENTIMETERS_PER_MILLISECOND","fieldEnum":"MAX_SPEED","valid":true},{"value":600.0,"connectIQ":false,"unitEnum":"CENTIMETER","fieldEnum":"LOSS_ELEVATION","valid":true},{"value":96.37046,"connectIQ":false,"unitEnum":"KILOJOULE","fieldEnum":"SUM_ENERGY","valid":true},{"value":12.570059999999998,"connectIQ":false,"unitEnum":"KILOJOULE","fieldEnum":"SUM_BMR_ENERGY","valid":true},{"value":0.0,"connectIQ":false,"unitEnum":"CENTIMETERS_PER_MILLISECOND","fieldEnum":"WEIGHTED_MEAN_VERTICAL_SPEED","valid":true},{"value":55.0,"connectIQ":false,"unitEnum":"BPM","fieldEnum":"MAX_RUNCADENCE","valid":true},{"value":17338.0,"connectIQ":false,"unitEnum":"CENTIMETER","fieldEnum":"SUM_DISTANCE","valid":true},{"value":53.0,"connectIQ":false,"unitEnum":"BPM","fieldEnum":"WEIGHTED_MEAN_RUNCADENCE","valid":true},{"value":0.0,"connectIQ":false,"unitEnum":"CENTIMETER","fieldEnum":"GAIN_ELEVATION","valid":true},{"value":87.53385240619431,"connectIQ":false,"unitEnum":"CENTIMETER","fieldEnum":"WEIGHTED_MEAN_STRIDE_LENGTH","valid":true},{"value":-0.004581466666213028,"connectIQ":false,"unitEnum":"CENTIMETERS_PER_MILLISECOND","fieldEnum":"WEIGHTED_MEAN_ELAPSED_DURATION_VERTICAL_SPEED","valid":true},{"value":111000.0,"connectIQ":false,"unitEnum":"MILLISECOND","fieldEnum":"SUM_MOVINGDURATION","valid":true},{"value":0.15619820259712838,"connectIQ":false,"unitEnum":"CENTIMETERS_PER_MILLISECOND","fieldEnum":"WEIGHTED_MEAN_MOVINGSPEED","valid":true}]},{"startTimeSource":0,"endTimeSource":0,"startTimeGMT":1746980157000,"endTimeGMT":1746980404000,"startLatitude":31.78421295247972,"startLongitude":34.6261362824589,"endLatitude":31.789559349417686,"endLongitude":34.629205567762256,"messageIndex":2,"type":17,"startIndex":79,"endIndex":126,"totalExerciseReps":0,"measurements":[{"value":163.0,"connectIQ":false,"unitEnum":"BPM","fieldEnum":"MAX_DOUBLE_CADENCE","valid":true},{"value":166.0,"connectIQ":false,"unitEnum":"BPM","fieldEnum":"WEIGHTED_MEAN_HEARTRATE","valid":true},{"value":248001.0,"connectIQ":false,"unitEnum":"MILLISECOND","fieldEnum":"SUM_DURATION","valid":true},{"value":0.2746999979019165,"connectIQ":false,"unitEnum":"CENTIMETERS_PER_MILLISECOND","fieldEnum":"WEIGHTED_MEAN_SPEED","valid":true},{"value":151.359375,"connectIQ":false,"unitEnum":"BPM","fieldEnum":"WEIGHTED_MEAN_DOUBLE_CADENCE","valid":true},{"value":174.0,"connectIQ":false,"unitEnum":"BPM","fieldEnum":"MAX_HEARTRATE","valid":true},{"value":248001.0,"connectIQ":false,"unitEnum":"MILLISECOND","fieldEnum":"SUM_ELAPSEDDURATION","valid":true},{"value":0.3331000089645386,"connectIQ":false,"unitEnum":"CENTIMETERS_PER_MILLISECOND","fieldEnum":"MAX_SPEED","valid":true},{"value":400.0,"connectIQ":false,"unitEnum":"CENTIMETER","fieldEnum":"LOSS_ELEVATION","valid":true},{"value":293.3014,"connectIQ":false,"unitEnum":"KILOJOULE","fieldEnum":"SUM_ENERGY","valid":true},{"value":33.52016,"connectIQ":false,"unitEnum":"KILOJOULE","fieldEnum":"SUM_BMR_ENERGY","valid":true},{"value":1.0000000474974513E-4,"connectIQ":false,"unitEnum":"CENTIMETERS_PER_MILLISECOND","fieldEnum":"WEIGHTED_MEAN_VERTICAL_SPEED","valid":true},{"value":82.0,"connectIQ":false,"unitEnum":"BPM","fieldEnum":"MAX_RUNCADENCE","valid":true},{"value":68114.0,"connectIQ":false,"unitEnum":"CENTIMETER","fieldEnum":"SUM_DISTANCE","valid":true},{"value":76.0,"connectIQ":false,"unitEnum":"BPM","fieldEnum":"WEIGHTED_MEAN_RUNCADENCE","valid":true},{"value":400.0,"connectIQ":false,"unitEnum":"CENTIMETER","fieldEnum":"GAIN_ELEVATION","valid":true},{"value":108.87417435645735,"connectIQ":false,"unitEnum":"CENTIMETER","fieldEnum":"WEIGHTED_MEAN_STRIDE_LENGTH","valid":true},{"value":1.0395670324806275E-4,"connectIQ":false,"unitEnum":"CENTIMETERS_PER_MILLISECOND","fieldEnum":"WEIGHTED_MEAN_ELAPSED_DURATION_VERTICAL_SPEED","valid":true},{"value":246000.0,"connectIQ":false,"unitEnum":"MILLISECOND","fieldEnum":"SUM_MOVINGDURATION","valid":true},{"value":0.27688618481643806,"connectIQ":false,"unitEnum":"CENTIMETERS_PER_MILLISECOND","fieldEnum":"WEIGHTED_MEAN_MOVINGSPEED","valid":true}]},{"startTimeSource":0,"endTimeSource":0,"startTimeGMT":1746980405000,"endTimeGMT":1746980516000,"startLatitude":31.78960109129548,"startLongitude":34.62923808954656,"endLatitude":31.79057682864368,"endLongitude":34.63041172362864,"messageIndex":3,"type":18,"startIndex":127,"endIndex":148,"totalExerciseReps":0,"measurements":[{"value":112.0,"connectIQ":false,"unitEnum":"BPM","fieldEnum":"MAX_DOUBLE_CADENCE","valid":true},{"value":152.0,"connectIQ":false,"unitEnum":"BPM","fieldEnum":"WEIGHTED_MEAN_HEARTRATE","valid":true},{"value":111999.0,"connectIQ":false,"unitEnum":"MILLISECOND","fieldEnum":"SUM_DURATION","valid":true},{"value":0.1593000054359436,"connectIQ":false,"unitEnum":"CENTIMETERS_PER_MILLISECOND","fieldEnum":"WEIGHTED_MEAN_SPEED","valid":true},{"value":106.21875,"connectIQ":false,"unitEnum":"BPM","fieldEnum":"WEIGHTED_MEAN_DOUBLE_CADENCE","valid":true},{"value":168.0,"connectIQ":false,"unitEnum":"BPM","fieldEnum":"MAX_HEARTRATE","valid":true},{"value":111999.0,"connectIQ":false,"unitEnum":"MILLISECOND","fieldEnum":"SUM_ELAPSEDDURATION","valid":true},{"value":0.16330000162124636,"connectIQ":false,"unitEnum":"CENTIMETERS_PER_MILLISECOND","fieldEnum":"MAX_SPEED","valid":true},{"value":200.0,"connectIQ":false,"unitEnum":"CENTIMETER","fieldEnum":"LOSS_ELEVATION","valid":true},{"value":96.37046,"connectIQ":false,"unitEnum":"KILOJOULE","fieldEnum":"SUM_ENERGY","valid":true},{"value":12.570059999999998,"connectIQ":false,"unitEnum":"KILOJOULE","fieldEnum":"SUM_BMR_ENERGY","valid":true},{"value":0.0,"connectIQ":false,"unitEnum":"CENTIMETERS_PER_MILLISECOND","fieldEnum":"WEIGHTED_MEAN_VERTICAL_SPEED","valid":true},{"value":56.0,"connectIQ":false,"unitEnum":"BPM","fieldEnum":"MAX_RUNCADENCE","valid":true},{"value":17837.0,"connectIQ":false,"unitEnum":"CENTIMETER","fieldEnum":"SUM_DISTANCE","valid":true},{"value":53.0,"connectIQ":false,"unitEnum":"BPM","fieldEnum":"WEIGHTED_MEAN_RUNCADENCE","valid":true},{"value":200.0,"connectIQ":false,"unitEnum":"CENTIMETER","fieldEnum":"GAIN_ELEVATION","valid":true},{"value":89.9617131992426,"connectIQ":false,"unitEnum":"CENTIMETER","fieldEnum":"WEIGHTED_MEAN_STRIDE_LENGTH","valid":true},{"value":0.008658449082147508,"connectIQ":false,"unitEnum":"CENTIMETERS_PER_MILLISECOND","fieldEnum":"WEIGHTED_MEAN_ELAPSED_DURATION_VERTICAL_SPEED","valid":true},{"value":105000.0,"connectIQ":false,"unitEnum":"MILLISECOND","fieldEnum":"SUM_MOVINGDURATION","valid":true},{"value":0.16987618582589287,"connectIQ":false,"unitEnum":"CENTIMETERS_PER_MILLISECOND","fieldEnum":"WEIGHTED_MEAN_MOVINGSPEED","valid":true}]},{"startTimeSource":0,"endTimeSource":0,"startTimeGMT":1746980517000,"endTimeGMT":1746980669000,"startLatitude":31.790587725117803,"startLongitude":34.63065815158188,"endLatitude":31.792583875358105,"endLongitude":34.63351361453533,"messageIndex":4,"type":17,"startIndex":149,"endIndex":177,"totalExerciseReps":0,"measurements":[{"value":157.0,"connectIQ":false,"unitEnum":"BPM","fieldEnum":"MAX_DOUBLE_CADENCE","valid":true},{"value":164.0,"connectIQ":false,"unitEnum":"BPM","fieldEnum":"WEIGHTED_MEAN_HEARTRATE","valid":true},{"value":153000.0,"connectIQ":false,"unitEnum":"MILLISECOND","fieldEnum":"SUM_DURATION","valid":true},{"value":0.24049999713897707,"connectIQ":false,"unitEnum":"CENTIMETERS_PER_MILLISECOND","fieldEnum":"WEIGHTED_MEAN_SPEED","valid":true},{"value":146.65625,"connectIQ":false,"unitEnum":"BPM","fieldEnum":"WEIGHTED_MEAN_DOUBLE_CADENCE","valid":true},{"value":171.0,"connectIQ":false,"unitEnum":"BPM","fieldEnum":"MAX_HEARTRATE","valid":true},{"value":153000.0,"connectIQ":false,"unitEnum":"MILLISECOND","fieldEnum":"SUM_ELAPSEDDURATION","valid":true},{"value":0.29300000667572024,"connectIQ":false,"unitEnum":"CENTIMETERS_PER_MILLISECOND","fieldEnum":"MAX_SPEED","valid":true},{"value":400.0,"connectIQ":false,"unitEnum":"CENTIMETER","fieldEnum":"LOSS_ELEVATION","valid":true},{"value":167.6008,"connectIQ":false,"unitEnum":"KILOJOULE","fieldEnum":"SUM_ENERGY","valid":true},{"value":20.9501,"connectIQ":false,"unitEnum":"KILOJOULE","fieldEnum":"SUM_BMR_ENERGY","valid":true},{"value":0.003700000047683716,"connectIQ":false,"unitEnum":"CENTIMETERS_PER_MILLISECOND","fieldEnum":"WEIGHTED_MEAN_VERTICAL_SPEED","valid":true},{"value":79.0,"connectIQ":false,"unitEnum":"BPM","fieldEnum":"MAX_RUNCADENCE","valid":true},{"value":36803.0,"connectIQ":false,"unitEnum":"CENTIMETER","fieldEnum":"SUM_DISTANCE","valid":true},{"value":73.0,"connectIQ":false,"unitEnum":"BPM","fieldEnum":"WEIGHTED_MEAN_RUNCADENCE","valid":true},{"value":1000.0,"connectIQ":false,"unitEnum":"CENTIMETER","fieldEnum":"GAIN_ELEVATION","valid":true},{"value":98.4107323877239,"connectIQ":false,"unitEnum":"CENTIMETER","fieldEnum":"WEIGHTED_MEAN_STRIDE_LENGTH","valid":true},{"value":0.001700663408696257,"connectIQ":false,"unitEnum":"CENTIMETERS_PER_MILLISECOND","fieldEnum":"WEIGHTED_MEAN_ELAPSED_DURATION_VERTICAL_SPEED","valid":true},{"value":151000.0,"connectIQ":false,"unitEnum":"MILLISECOND","fieldEnum":"SUM_MOVINGDURATION","valid":true},{"value":0.24372847601277942,"connectIQ":false,"unitEnum":"CENTIMETERS_PER_MILLISECOND","fieldEnum":"WEIGHTED_MEAN_MOVINGSPEED","valid":true}]},{"startTimeSource":0,"endTimeSource":0,"startTimeGMT":1746980670000,"endTimeGMT":1746980670000,"startLatitude":31.792492596432567,"startLongitude":34.633507411926985,"messageIndex":5,"type":18,"startIndex":178,"endIndex":178,"totalExerciseReps":0,"measurements":[{"value":140.0,"connectIQ":false,"unitEnum":"BPM","fieldEnum":"MAX_DOUBLE_CADENCE","valid":true},{"value":170.0,"connectIQ":false,"unitEnum":"BPM","fieldEnum":"WEIGHTED_MEAN_HEARTRATE","valid":true},{"value":1001.0,"connectIQ":false,"unitEnum":"MILLISECOND","fieldEnum":"SUM_DURATION","valid":true},{"value":0.2627000093460083,"connectIQ":false,"unitEnum":"CENTIMETERS_PER_MILLISECOND","fieldEnum":"WEIGHTED_MEAN_SPEED","valid":true},{"value":140.0,"connectIQ":false,"unitEnum":"BPM","fieldEnum":"WEIGHTED_MEAN_DOUBLE_CADENCE","valid":true},{"value":170.0,"connectIQ":false,"unitEnum":"BPM","fieldEnum":"MAX_HEARTRATE","valid":true},{"value":1001.0,"connectIQ":false,"unitEnum":"MILLISECOND","fieldEnum":"SUM_ELAPSEDDURATION","valid":true},{"value":0.1996999979019165,"connectIQ":false,"unitEnum":"CENTIMETERS_PER_MILLISECOND","fieldEnum":"MAX_SPEED","valid":true},{"value":0.0,"connectIQ":false,"unitEnum":"CENTIMETER","fieldEnum":"LOSS_ELEVATION","valid":true},{"value":0.0,"connectIQ":false,"unitEnum":"KILOJOULE","fieldEnum":"SUM_ENERGY","valid":true},{"value":0.0,"connectIQ":false,"unitEnum":"KILOJOULE","fieldEnum":"SUM_BMR_ENERGY","valid":true},{"value":0.0,"connectIQ":false,"unitEnum":"CENTIMETERS_PER_MILLISECOND","fieldEnum":"WEIGHTED_MEAN_VERTICAL_SPEED","valid":true},{"value":70.0,"connectIQ":false,"unitEnum":"BPM","fieldEnum":"MAX_RUNCADENCE","valid":true},{"value":263.0,"connectIQ":false,"unitEnum":"CENTIMETER","fieldEnum":"SUM_DISTANCE","valid":true},{"value":70.0,"connectIQ":false,"unitEnum":"BPM","fieldEnum":"WEIGHTED_MEAN_RUNCADENCE","valid":true},{"value":0.0,"connectIQ":false,"unitEnum":"CENTIMETER","fieldEnum":"GAIN_ELEVATION","valid":true},{"value":112.6016836733418,"connectIQ":false,"unitEnum":"CENTIMETER","fieldEnum":"WEIGHTED_MEAN_STRIDE_LENGTH","valid":true}]},{"startTimeSource":0,"endTimeSource":0,"startTimeGMT":1746980671000,"endTimeGMT":1746980764000,"startLatitude":31.79246979765594,"startLongitude":34.63350623846054,"endLatitude":31.791362883523107,"endLongitude":34.6319145988673,"messageIndex":6,"type":17,"startIndex":179,"endIndex":194,"totalExerciseReps":0,"measurements":[{"value":148.0,"connectIQ":false,"unitEnum":"BPM","fieldEnum":"MAX_DOUBLE_CADENCE","valid":true},{"value":164.0,"connectIQ":false,"unitEnum":"BPM","fieldEnum":"WEIGHTED_MEAN_HEARTRATE","valid":true},{"value":93999.0,"connectIQ":false,"unitEnum":"MILLISECOND","fieldEnum":"SUM_DURATION","valid":true},{"value":0.22119998931884766,"connectIQ":false,"unitEnum":"CENTIMETERS_PER_MILLISECOND","fieldEnum":"WEIGHTED_MEAN_SPEED","valid":true},{"value":142.6875,"connectIQ":false,"unitEnum":"BPM","fieldEnum":"WEIGHTED_MEAN_DOUBLE_CADENCE","valid":true},{"value":171.0,"connectIQ":false,"unitEnum":"BPM","fieldEnum":"MAX_HEARTRATE","valid":true},{"value":93999.0,"connectIQ":false,"unitEnum":"MILLISECOND","fieldEnum":"SUM_ELAPSEDDURATION","valid":true},{"value":0.2453999996185303,"connectIQ":false,"unitEnum":"CENTIMETERS_PER_MILLISECOND","fieldEnum":"MAX_SPEED","valid":true},{"value":500.0,"connectIQ":false,"unitEnum":"CENTIMETER","fieldEnum":"LOSS_ELEVATION","valid":true},{"value":100.56047999999998,"connectIQ":false,"unitEnum":"KILOJOULE","fieldEnum":"SUM_ENERGY","valid":true},{"value":12.570059999999998,"connectIQ":false,"unitEnum":"KILOJOULE","fieldEnum":"SUM_BMR_ENERGY","valid":true},{"value":0.0,"connectIQ":false,"unitEnum":"CENTIMETERS_PER_MILLISECOND","fieldEnum":"WEIGHTED_MEAN_VERTICAL_SPEED","valid":true},{"value":74.0,"connectIQ":false,"unitEnum":"BPM","fieldEnum":"MAX_RUNCADENCE","valid":true},{"value":20794.0,"connectIQ":false,"unitEnum":"CENTIMETER","fieldEnum":"SUM_DISTANCE","valid":true},{"value":71.0,"connectIQ":false,"unitEnum":"BPM","fieldEnum":"WEIGHTED_MEAN_RUNCADENCE","valid":true},{"value":200.0,"connectIQ":false,"unitEnum":"CENTIMETER","fieldEnum":"GAIN_ELEVATION","valid":true},{"value":93.02081287329278,"connectIQ":false,"unitEnum":"CENTIMETER","fieldEnum":"WEIGHTED_MEAN_STRIDE_LENGTH","valid":true},{"value":-0.008786969835107978,"connectIQ":false,"unitEnum":"CENTIMETERS_PER_MILLISECOND","fieldEnum":"WEIGHTED_MEAN_ELAPSED_DURATION_VERTICAL_SPEED","valid":true},{"value":88000.0,"connectIQ":false,"unitEnum":"MILLISECOND","fieldEnum":"SUM_MOVINGDURATION","valid":true},{"value":0.23629545731977986,"connectIQ":false,"unitEnum":"CENTIMETERS_PER_MILLISECOND","fieldEnum":"WEIGHTED_MEAN_MOVINGSPEED","valid":true}]},{"startTimeSource":0,"endTimeSource":0,"startTimeGMT":1746980765000,"endTimeGMT":1746980876000,"startLatitude":31.791316447779536,"startLongitude":34.631830025464296,"endLatitude":31.79058219306171,"endLongitude":34.6304983086884,"messageIndex":7,"type":18,"startIndex":195,"endIndex":219,"totalExerciseReps":0,"measurements":[{"value":110.0,"connectIQ":false,"unitEnum":"BPM","fieldEnum":"MAX_DOUBLE_CADENCE","valid":true},{"value":142.0,"connectIQ":false,"unitEnum":"BPM","fieldEnum":"WEIGHTED_MEAN_HEARTRATE","valid":true},{"value":112000.0,"connectIQ":false,"unitEnum":"MILLISECOND","fieldEnum":"SUM_DURATION","valid":true},{"value":0.1547000050544739,"connectIQ":false,"unitEnum":"CENTIMETERS_PER_MILLISECOND","fieldEnum":"WEIGHTED_MEAN_SPEED","valid":true},{"value":105.03125,"connectIQ":false,"unitEnum":"BPM","fieldEnum":"WEIGHTED_MEAN_DOUBLE_CADENCE","valid":true},{"value":157.0,"connectIQ":false,"unitEnum":"BPM","fieldEnum":"MAX_HEARTRATE","valid":true},{"value":112000.0,"connectIQ":false,"unitEnum":"MILLISECOND","fieldEnum":"SUM_ELAPSEDDURATION","valid":true},{"value":0.15770000219345093,"connectIQ":false,"unitEnum":"CENTIMETERS_PER_MILLISECOND","fieldEnum":"MAX_SPEED","valid":true},{"value":700.0,"connectIQ":false,"unitEnum":"CENTIMETER","fieldEnum":"LOSS_ELEVATION","valid":true},{"value":71.23034,"connectIQ":false,"unitEnum":"KILOJOULE","fieldEnum":"SUM_ENERGY","valid":true},{"value":12.570059999999998,"connectIQ":false,"unitEnum":"KILOJOULE","fieldEnum":"SUM_BMR_ENERGY","valid":true},{"value":0.0,"connectIQ":false,"unitEnum":"CENTIMETERS_PER_MILLISECOND","fieldEnum":"WEIGHTED_MEAN_VERTICAL_SPEED","valid":true},{"value":55.0,"connectIQ":false,"unitEnum":"BPM","fieldEnum":"MAX_RUNCADENCE","valid":true},{"value":17322.0,"connectIQ":false,"unitEnum":"CENTIMETER","fieldEnum":"SUM_DISTANCE","valid":true},{"value":53.0,"connectIQ":false,"unitEnum":"BPM","fieldEnum":"WEIGHTED_MEAN_RUNCADENCE","valid":true},{"value":600.0,"connectIQ":false,"unitEnum":"CENTIMETER","fieldEnum":"GAIN_ELEVATION","valid":true},{"value":88.3512566263628,"connectIQ":false,"unitEnum":"CENTIMETER","fieldEnum":"WEIGHTED_MEAN_STRIDE_LENGTH","valid":true},{"value":0.004574350074485496,"connectIQ":false,"unitEnum":"CENTIMETERS_PER_MILLISECOND","fieldEnum":"WEIGHTED_MEAN_ELAPSED_DURATION_VERTICAL_SPEED","valid":true},{"value":108000.0,"connectIQ":false,"unitEnum":"MILLISECOND","fieldEnum":"SUM_MOVINGDURATION","valid":true},{"value":0.16038889001916956,"connectIQ":false,"unitEnum":"CENTIMETERS_PER_MILLISECOND","fieldEnum":"WEIGHTED_MEAN_MOVINGSPEED","valid":true}]},{"startTimeSource":0,"endTimeSource":0,"startTimeGMT":1746980877000,"endTimeGMT":1746981125000,"startLatitude":31.79048446007073,"startLongitude":34.63031692430377,"endLatitude":31.785241663455963,"endLongitude":34.62657566182315,"messageIndex":8,"type":17,"startIndex":220,"endIndex":269,"totalExerciseReps":0,"measurements":[{"value":161.0,"connectIQ":false,"unitEnum":"BPM","fieldEnum":"MAX_DOUBLE_CADENCE","valid":true},{"value":168.0,"connectIQ":false,"unitEnum":"BPM","fieldEnum":"WEIGHTED_MEAN_HEARTRATE","valid":true},{"value":249001.0,"connectIQ":false,"unitEnum":"MILLISECOND","fieldEnum":"SUM_DURATION","valid":true},{"value":0.288100004196167,"connectIQ":false,"unitEnum":"CENTIMETERS_PER_MILLISECOND","fieldEnum":"WEIGHTED_MEAN_SPEED","valid":true},{"value":153.0625,"connectIQ":false,"unitEnum":"BPM","fieldEnum":"WEIGHTED_MEAN_DOUBLE_CADENCE","valid":true},{"value":177.0,"connectIQ":false,"unitEnum":"BPM","fieldEnum":"MAX_HEARTRATE","valid":true},{"value":249001.0,"connectIQ":false,"unitEnum":"MILLISECOND","fieldEnum":"SUM_ELAPSEDDURATION","valid":true},{"value":0.32279999256134034,"connectIQ":false,"unitEnum":"CENTIMETERS_PER_MILLISECOND","fieldEnum":"MAX_SPEED","valid":true},{"value":500.0,"connectIQ":false,"unitEnum":"CENTIMETER","fieldEnum":"LOSS_ELEVATION","valid":true},{"value":305.87145999999996,"connectIQ":false,"unitEnum":"KILOJOULE","fieldEnum":"SUM_ENERGY","valid":true},{"value":33.52016,"connectIQ":false,"unitEnum":"KILOJOULE","fieldEnum":"SUM_BMR_ENERGY","valid":true},{"value":9.999999776482583E-4,"connectIQ":false,"unitEnum":"CENTIMETERS_PER_MILLISECOND","fieldEnum":"WEIGHTED_MEAN_VERTICAL_SPEED","valid":true},{"value":81.0,"connectIQ":false,"unitEnum":"BPM","fieldEnum":"MAX_RUNCADENCE","valid":true},{"value":71744.0,"connectIQ":false,"unitEnum":"CENTIMETER","fieldEnum":"SUM_DISTANCE","valid":true},{"value":77.0,"connectIQ":false,"unitEnum":"BPM","fieldEnum":"WEIGHTED_MEAN_RUNCADENCE","valid":true},{"value":800.0,"connectIQ":false,"unitEnum":"CENTIMETER","fieldEnum":"GAIN_ELEVATION","valid":true},{"value":112.94497987663796,"connectIQ":false,"unitEnum":"CENTIMETER","fieldEnum":"WEIGHTED_MEAN_STRIDE_LENGTH","valid":true},{"value":-0.00372033483725934,"connectIQ":false,"unitEnum":"CENTIMETERS_PER_MILLISECOND","fieldEnum":"WEIGHTED_MEAN_ELAPSED_DURATION_VERTICAL_SPEED","valid":true},{"value":242000.0,"connectIQ":false,"unitEnum":"MILLISECOND","fieldEnum":"SUM_MOVINGDURATION","valid":true},{"value":0.29646281092620097,"connectIQ":false,"unitEnum":"CENTIMETERS_PER_MILLISECOND","fieldEnum":"WEIGHTED_MEAN_MOVINGSPEED","valid":true}]},{"startTimeSource":0,"endTimeSource":0,"startTimeGMT":1746981126000,"endTimeGMT":1746981235000,"startLatitude":31.785105960443616,"startLongitude":34.62653576396406,"endLatitude":31.78381430916488,"endLongitude":34.62599261663854,"messageIndex":9,"type":18,"startIndex":270,"endIndex":290,"totalExerciseReps":0,"measurements":[{"value":110.0,"connectIQ":false,"unitEnum":"BPM","fieldEnum":"MAX_DOUBLE_CADENCE","valid":true},{"value":158.0,"connectIQ":false,"unitEnum":"BPM","fieldEnum":"WEIGHTED_MEAN_HEARTRATE","valid":true},{"value":109999.0,"connectIQ":false,"unitEnum":"MILLISECOND","fieldEnum":"SUM_DURATION","valid":true},{"value":0.15479999780654907,"connectIQ":false,"unitEnum":"CENTIMETERS_PER_MILLISECOND","fieldEnum":"WEIGHTED_MEAN_SPEED","valid":true},{"value":102.90625,"connectIQ":false,"unitEnum":"BPM","fieldEnum":"WEIGHTED_MEAN_DOUBLE_CADENCE","valid":true},{"value":174.0,"connectIQ":false,"unitEnum":"BPM","fieldEnum":"MAX_HEARTRATE","valid":true},{"value":109999.0,"connectIQ":false,"unitEnum":"MILLISECOND","fieldEnum":"SUM_ELAPSEDDURATION","valid":true},{"value":0.15579999685287477,"connectIQ":false,"unitEnum":"CENTIMETERS_PER_MILLISECOND","fieldEnum":"MAX_SPEED","valid":true},{"value":700.0,"connectIQ":false,"unitEnum":"CENTIMETER","fieldEnum":"LOSS_ELEVATION","valid":true},{"value":108.94051999999999,"connectIQ":false,"unitEnum":"KILOJOULE","fieldEnum":"SUM_ENERGY","valid":true},{"value":12.570059999999998,"connectIQ":false,"unitEnum":"KILOJOULE","fieldEnum":"SUM_BMR_ENERGY","valid":true},{"value":0.0,"connectIQ":false,"unitEnum":"CENTIMETERS_PER_MILLISECOND","fieldEnum":"WEIGHTED_MEAN_VERTICAL_SPEED","valid":true},{"value":55.0,"connectIQ":false,"unitEnum":"BPM","fieldEnum":"MAX_RUNCADENCE","valid":true},{"value":17025.0,"connectIQ":false,"unitEnum":"CENTIMETER","fieldEnum":"SUM_DISTANCE","valid":true},{"value":51.0,"connectIQ":false,"unitEnum":"BPM","fieldEnum":"WEIGHTED_MEAN_RUNCADENCE","valid":true},{"value":300.0,"connectIQ":false,"unitEnum":"CENTIMETER","fieldEnum":"GAIN_ELEVATION","valid":true},{"value":90.24182702453703,"connectIQ":false,"unitEnum":"CENTIMETER","fieldEnum":"WEIGHTED_MEAN_STRIDE_LENGTH","valid":true},{"value":0.0022373917011114268,"connectIQ":false,"unitEnum":"CENTIMETERS_PER_MILLISECOND","fieldEnum":"WEIGHTED_MEAN_ELAPSED_DURATION_VERTICAL_SPEED","valid":true},{"value":104000.0,"connectIQ":false,"unitEnum":"MILLISECOND","fieldEnum":"SUM_MOVINGDURATION","valid":true},{"value":0.1637019230769231,"connectIQ":false,"unitEnum":"CENTIMETERS_PER_MILLISECOND","fieldEnum":"WEIGHTED_MEAN_MOVINGSPEED","valid":true}]},{"startTimeSource":0,"endTimeSource":0,"startTimeGMT":1746981236000,"endTimeGMT":1746981483000,"startLatitude":31.783652119338512,"startLongitude":34.62594014592469,"endLatitude":31.778304800391197,"endLongitude":34.62390560656786,"messageIndex":10,"type":17,"startIndex":291,"endIndex":336,"totalExerciseReps":0,"measurements":[{"value":164.0,"connectIQ":false,"unitEnum":"BPM","fieldEnum":"MAX_DOUBLE_CADENCE","valid":true},{"value":169.0,"connectIQ":false,"unitEnum":"BPM","fieldEnum":"WEIGHTED_MEAN_HEARTRATE","valid":true},{"value":248000.0,"connectIQ":false,"unitEnum":"MILLISECOND","fieldEnum":"SUM_DURATION","valid":true},{"value":0.2581000089645386,"connectIQ":false,"unitEnum":"CENTIMETERS_PER_MILLISECOND","fieldEnum":"WEIGHTED_MEAN_SPEED","valid":true},{"value":144.53125,"connectIQ":false,"unitEnum":"BPM","fieldEnum":"WEIGHTED_MEAN_DOUBLE_CADENCE","valid":true},{"value":179.0,"connectIQ":false,"unitEnum":"BPM","fieldEnum":"MAX_HEARTRATE","valid":true},{"value":248000.0,"connectIQ":false,"unitEnum":"MILLISECOND","fieldEnum":"SUM_ELAPSEDDURATION","valid":true},{"value":0.3266000032424927,"connectIQ":false,"unitEnum":"CENTIMETERS_PER_MILLISECOND","fieldEnum":"MAX_SPEED","valid":true},{"value":500.0,"connectIQ":false,"unitEnum":"CENTIMETER","fieldEnum":"LOSS_ELEVATION","valid":true},{"value":284.92136,"connectIQ":false,"unitEnum":"KILOJOULE","fieldEnum":"SUM_ENERGY","valid":true},{"value":33.52016,"connectIQ":false,"unitEnum":"KILOJOULE","fieldEnum":"SUM_BMR_ENERGY","valid":true},{"value":0.003099999949336052,"connectIQ":false,"unitEnum":"CENTIMETERS_PER_MILLISECOND","fieldEnum":"WEIGHTED_MEAN_VERTICAL_SPEED","valid":true},{"value":82.0,"connectIQ":false,"unitEnum":"BPM","fieldEnum":"MAX_RUNCADENCE","valid":true},{"value":63998.0,"connectIQ":false,"unitEnum":"CENTIMETER","fieldEnum":"SUM_DISTANCE","valid":true},{"value":72.0,"connectIQ":false,"unitEnum":"BPM","fieldEnum":"WEIGHTED_MEAN_RUNCADENCE","valid":true},{"value":1200.0,"connectIQ":false,"unitEnum":"CENTIMETER","fieldEnum":"GAIN_ELEVATION","valid":true},{"value":107.12829664341761,"connectIQ":false,"unitEnum":"CENTIMETER","fieldEnum":"WEIGHTED_MEAN_STRIDE_LENGTH","valid":true},{"value":0.0044732876909457575,"connectIQ":false,"unitEnum":"CENTIMETERS_PER_MILLISECOND","fieldEnum":"WEIGHTED_MEAN_ELAPSED_DURATION_VERTICAL_SPEED","valid":true},{"value":246000.0,"connectIQ":false,"unitEnum":"MILLISECOND","fieldEnum":"SUM_MOVINGDURATION","valid":true},{"value":0.2601544636051829,"connectIQ":false,"unitEnum":"CENTIMETERS_PER_MILLISECOND","fieldEnum":"WEIGHTED_MEAN_MOVINGSPEED","valid":true}]},{"startTimeSource":0,"endTimeSource":0,"startTimeGMT":1746981484000,"endTimeGMT":1746981593000,"startLatitude":31.778262052685022,"startLongitude":34.62389051914215,"endLatitude":31.77690887823701,"endLongitude":34.623467568308115,"messageIndex":11,"type":18,"startIndex":337,"endIndex":358,"totalExerciseReps":0,"measurements":[{"value":111.0,"connectIQ":false,"unitEnum":"BPM","fieldEnum":"MAX_DOUBLE_CADENCE","valid":true},{"value":157.0,"connectIQ":false,"unitEnum":"BPM","fieldEnum":"WEIGHTED_MEAN_HEARTRATE","valid":true},{"value":108571.0,"connectIQ":false,"unitEnum":"MILLISECOND","fieldEnum":"SUM_DURATION","valid":true},{"value":0.15180000066757204,"connectIQ":false,"unitEnum":"CENTIMETERS_PER_MILLISECOND","fieldEnum":"WEIGHTED_MEAN_SPEED","valid":true},{"value":106.171875,"connectIQ":false,"unitEnum":"BPM","fieldEnum":"WEIGHTED_MEAN_DOUBLE_CADENCE","valid":true},{"value":175.0,"connectIQ":false,"unitEnum":"BPM","fieldEnum":"MAX_HEARTRATE","valid":true},{"value":120541.0,"connectIQ":false,"unitEnum":"MILLISECOND","fieldEnum":"SUM_ELAPSEDDURATION","valid":true},{"value":0.16890000104904176,"connectIQ":false,"unitEnum":"CENTIMETERS_PER_MILLISECOND","fieldEnum":"MAX_SPEED","valid":true},{"value":500.0,"connectIQ":false,"unitEnum":"CENTIMETER","fieldEnum":"LOSS_ELEVATION","valid":true},{"value":100.56047999999998,"connectIQ":false,"unitEnum":"KILOJOULE","fieldEnum":"SUM_ENERGY","valid":true},{"value":12.570059999999998,"connectIQ":false,"unitEnum":"KILOJOULE","fieldEnum":"SUM_BMR_ENERGY","valid":true},{"value":0.0,"connectIQ":false,"unitEnum":"CENTIMETERS_PER_MILLISECOND","fieldEnum":"WEIGHTED_MEAN_VERTICAL_SPEED","valid":true},{"value":56.0,"connectIQ":false,"unitEnum":"BPM","fieldEnum":"MAX_RUNCADENCE","valid":true},{"value":16481.0,"connectIQ":false,"unitEnum":"CENTIMETER","fieldEnum":"SUM_DISTANCE","valid":true},{"value":53.0,"connectIQ":false,"unitEnum":"BPM","fieldEnum":"WEIGHTED_MEAN_RUNCADENCE","valid":true},{"value":500.0,"connectIQ":false,"unitEnum":"CENTIMETER","fieldEnum":"GAIN_ELEVATION","valid":true},{"value":85.78502491225603,"connectIQ":false,"unitEnum":"CENTIMETER","fieldEnum":"WEIGHTED_MEAN_STRIDE_LENGTH","valid":true},{"value":-0.002707066308884394,"connectIQ":false,"unitEnum":"CENTIMETERS_PER_MILLISECOND","fieldEnum":"WEIGHTED_MEAN_ELAPSED_DURATION_VERTICAL_SPEED","valid":true},{"value":105000.0,"connectIQ":false,"unitEnum":"MILLISECOND","fieldEnum":"SUM_MOVINGDURATION","valid":true},{"value":0.15696190243675598,"connectIQ":false,"unitEnum":"CENTIMETERS_PER_MILLISECOND","fieldEnum":"WEIGHTED_MEAN_MOVINGSPEED","valid":true}]}],"moderateIntensityMinutes":2,"vigorousIntensityMinutes":27,"maxLatitude":31.792583875358105,"maxLongitude":34.63351394981146,"minLatitude":31.77683955989778,"minLongitude":34.623430268839,"hrTimeInZone_0":0,"hrTimeInZone_1":0,"hrTimeInZone_2":11371,"hrTimeInZone_3":436201,"hrTimeInZone_4":919993,"hrTimeInZone_5":434994,"hrTimeInZone_6":0,"decoDive":false,"purposeful":false,"autoCalcCalories":false,"favorite":false,"pr":false,"elevationCorrected":true,"atpActivity":false,"parent":false}]}]