[{"userProfilePK":121376460,"calendarDate":"2024-04-04","deviceId":3464461138,"updateTimestamp":"2024-04-04T13:26:39.0","vo2MaxValue":38.0,"maxMet":10.948394775390625,"maxMetCategory":"GENERIC","calibratedData":0},{"userProfilePK":121376460,"calendarDate":"2024-04-06","deviceId":3464461138,"updateTimestamp":"2024-04-06T11:53:49.0","vo2MaxValue":36.0,"maxMet":10.344985961914062,"maxMetCategory":"GENERIC","calibratedData":0},{"userProfilePK":121376460,"calendarDate":"2024-04-30","deviceId":3464461138,"updateTimestamp":"2024-04-30T15:13:31.0","sport":"RUNNING","subSport":"GENERIC","vo2MaxValue":35.0,"maxMet":10.0406494140625,"maxMetCategory":"GENERIC","calibratedData":1},{"userProfilePK":121376460,"calendarDate":"2024-06-25","deviceId":3464461138,"updateTimestamp":"2024-06-24T21:42:45.0","vo2MaxValue":36.0,"maxMet":10.323822021484375,"maxMetCategory":"GENERIC","calibratedData":0},{"userProfilePK":121376460,"calendarDate":"2024-06-26","deviceId":3464461138,"updateTimestamp":"2024-06-26T19:38:45.0","vo2MaxValue":35.0,"maxMet":10.107131958007812,"maxMetCategory":"GENERIC","calibratedData":0},{"userProfilePK":121376460,"calendarDate":"2024-07-08","deviceId":3464461138,"updateTimestamp":"2024-07-07T21:02:51.0","vo2MaxValue":37.0,"maxMet":10.60546875,"maxMetCategory":"GENERIC","calibratedData":0},{"userProfilePK":121376460,"calendarDate":"2024-07-08","deviceId":3464461138,"updateTimestamp":"2024-07-07T21:41:03.0","vo2MaxValue":38.0,"maxMet":10.8311767578125,"maxMetCategory":"GENERIC","calibratedData":0},{"userProfilePK":121376460,"calendarDate":"2024-07-28","deviceId":3464461138,"updateTimestamp":"2024-07-28T19:54:46.0","vo2MaxValue":38.0,"maxMet":10.859573364257812,"maxMetCategory":"GENERIC","calibratedData":0},{"userProfilePK":121376460,"calendarDate":"2024-08-18","deviceId":3464461138,"updateTimestamp":"2024-08-18T19:14:13.0","vo2MaxValue":38.0,"maxMet":10.828399658203125,"maxMetCategory":"GENERIC","calibratedData":0},{"userProfilePK":121376460,"calendarDate":"2025-05-15","deviceId":3464461138,"updateTimestamp":"2025-05-14T21:53:52.0","vo2MaxValue":39.0,"maxMet":11.061737060546875,"maxMetCategory":"GENERIC","calibratedData":0},{"userProfilePK":121376460,"calendarDate":"2025-05-15","deviceId":3464461138,"updateTimestamp":"2025-05-14T22:41:31.0","vo2MaxValue":39.0,"maxMet":11.061737060546875,"maxMetCategory":"GENERIC","calibratedData":0},{"userProfilePK":121376460,"calendarDate":"2025-05-15","deviceId":3464461138,"updateTimestamp":"2025-05-15T07:18:23.0","vo2MaxValue":39.0,"maxMet":11.021926879882812,"maxMetCategory":"GENERIC","calibratedData":0},{"userProfilePK":121376460,"calendarDate":"2025-05-15","deviceId":3464461138,"updateTimestamp":"2025-05-15T16:52:28.0","vo2MaxValue":39.0,"maxMet":11.065353393554688,"maxMetCategory":"GENERIC","calibratedData":0},{"userProfilePK":121376460,"calendarDate":"2025-05-18","deviceId":3464461138,"updateTimestamp":"2025-05-18T15:00:58.0","vo2MaxValue":39.0,"maxMet":11.07720947265625,"maxMetCategory":"GENERIC","calibratedData":0},{"userProfilePK":121376460,"calendarDate":"2025-06-08","deviceId":3464461138,"updateTimestamp":"2025-06-08T15:46:24.0","vo2MaxValue":39.0,"maxMet":11.094009399414062,"maxMetCategory":"GENERIC","calibratedData":0}]