[{"userProfilePK":121376460,"calendarDate":"2024-06-24","deviceId":3464461138,"timestamp":"2024-06-24T20:38:29.0","raceTime5K":2139,"raceTime10K":4838,"raceTimeHalf":12219,"raceTimeMarathon":27950},{"userProfilePK":121376460,"calendarDate":"2024-06-25","deviceId":3464461138,"timestamp":"2024-06-24T21:04:29.0","raceTime5K":2139,"raceTime10K":4838,"raceTimeHalf":12219,"raceTimeMarathon":27950},{"userProfilePK":121376460,"calendarDate":"2024-06-26","deviceId":3464461138,"timestamp":"2024-06-25T22:23:43.0","raceTime5K":2057,"raceTime10K":4630,"raceTimeHalf":11766,"raceTimeMarathon":27044},{"userProfilePK":121376460,"calendarDate":"2024-06-30","deviceId":3464461138,"timestamp":"2024-06-30T19:16:48.0","raceTime5K":2120,"raceTime10K":4788,"raceTimeHalf":12121,"raceTimeMarathon":27735},{"userProfilePK":121376460,"calendarDate":"2024-07-07","deviceId":3464461138,"timestamp":"2024-07-07T19:31:50.0","raceTime5K":2120,"raceTime10K":4788,"raceTimeHalf":12121,"raceTimeMarathon":27735},{"userProfilePK":121376460,"calendarDate":"2024-07-08","deviceId":3464461138,"timestamp":"2024-07-07T21:02:51.0","raceTime5K":1986,"raceTime10K":4449,"raceTimeHalf":11149,"raceTimeMarathon":26194},{"userProfilePK":121376460,"calendarDate":"2024-07-13","deviceId":3464461138,"timestamp":"2024-07-13T18:57:27.0","raceTime5K":1934,"raceTime10K":4321,"raceTimeHalf":10730,"raceTimeMarathon":25550},{"userProfilePK":121376460,"calendarDate":"2024-07-14","deviceId":3464461138,"timestamp":"2024-07-13T21:03:28.0","raceTime5K":1934,"raceTime10K":4321,"raceTimeHalf":10730,"raceTimeMarathon":25550},{"userProfilePK":121376460,"calendarDate":"2024-07-28","deviceId":3464461138,"timestamp":"2024-07-28T17:32:36.0","raceTime5K":1934,"raceTime10K":4321,"raceTimeHalf":10730,"raceTimeMarathon":25550},{"userProfilePK":121376460,"calendarDate":"2024-08-18","deviceId":3464461138,"timestamp":"2024-08-18T16:07:54.0","raceTime5K":1928,"raceTime10K":4304,"raceTimeHalf":10678,"raceTimeMarathon":25472},{"userProfilePK":121376460,"calendarDate":"2024-09-10","deviceId":3464461138,"timestamp":"2024-09-10T18:56:36.0","raceTime5K":1934,"raceTime10K":4321,"raceTimeHalf":10733,"raceTimeMarathon":25559},{"userProfilePK":121376460,"calendarDate":"2025-05-14","deviceId":3464461138,"timestamp":"2025-05-13T22:41:59.0","raceTime5K":1841,"raceTime10K":4098,"raceTimeHalf":10047,"raceTimeMarathon":24218},{"userProfilePK":121376460,"calendarDate":"2025-05-15","deviceId":3464461138,"timestamp":"2025-05-15T17:25:34.0","raceTime5K":1831,"raceTime10K":4085,"raceTimeHalf":10070,"raceTimeMarathon":24293},{"userProfilePK":121376460,"calendarDate":"2025-05-15","deviceId":3464461138,"timestamp":"2025-05-14T21:17:07.0","raceTime5K":1841,"raceTime10K":4098,"raceTimeHalf":10047,"raceTimeMarathon":24218},{"userProfilePK":121376460,"calendarDate":"2025-05-18","deviceId":3464461138,"timestamp":"2025-05-18T10:24:29.0","raceTime5K":1831,"raceTime10K":4085,"raceTimeHalf":10070,"raceTimeMarathon":24293},{"userProfilePK":121376460,"calendarDate":"2025-05-18","deviceId":3464461138,"timestamp":"2025-05-18T15:21:10.0","raceTime5K":1812,"raceTime10K":4041,"raceTimeHalf":9948,"raceTimeMarathon":24055},{"userProfilePK":121376460,"calendarDate":"2025-05-19","deviceId":3464461138,"timestamp":"2025-05-18T21:05:58.0","raceTime5K":1812,"raceTime10K":4041,"raceTimeHalf":9948,"raceTimeMarathon":24055},{"userProfilePK":121376460,"calendarDate":"2025-05-20","deviceId":3464461138,"timestamp":"2025-05-19T21:04:01.0","raceTime5K":1812,"raceTime10K":4041,"raceTimeHalf":9948,"raceTimeMarathon":24055},{"userProfilePK":121376460,"calendarDate":"2025-05-21","deviceId":3464461138,"timestamp":"2025-05-20T21:01:58.0","raceTime5K":1812,"raceTime10K":4041,"raceTimeHalf":9948,"raceTimeMarathon":24055},{"userProfilePK":121376460,"calendarDate":"2025-05-22","deviceId":3464461138,"timestamp":"2025-05-21T21:04:34.0","raceTime5K":1812,"raceTime10K":4041,"raceTimeHalf":9948,"raceTimeMarathon":24055},{"userProfilePK":121376460,"calendarDate":"2025-05-23","deviceId":3464461138,"timestamp":"2025-05-22T21:02:07.0","raceTime5K":1812,"raceTime10K":4041,"raceTimeHalf":9948,"raceTimeMarathon":24055},{"userProfilePK":121376460,"calendarDate":"2025-05-24","deviceId":3464461138,"timestamp":"2025-05-23T23:19:43.0","raceTime5K":1812,"raceTime10K":4041,"raceTimeHalf":9948,"raceTimeMarathon":24055},{"userProfilePK":121376460,"calendarDate":"2025-05-25","deviceId":3464461138,"timestamp":"2025-05-24T22:26:50.0","raceTime5K":1818,"raceTime10K":4054,"raceTimeHalf":9978,"raceTimeMarathon":24125},{"userProfilePK":121376460,"calendarDate":"2025-05-26","deviceId":3464461138,"timestamp":"2025-05-25T21:05:37.0","raceTime5K":1818,"raceTime10K":4054,"raceTimeHalf":9978,"raceTimeMarathon":24125},{"userProfilePK":121376460,"calendarDate":"2025-05-27","deviceId":3464461138,"timestamp":"2025-05-26T21:02:55.0","raceTime5K":1857,"raceTime10K":4137,"raceTimeHalf":10173,"raceTimeMarathon":24578},{"userProfilePK":121376460,"calendarDate":"2025-05-28","deviceId":3464461138,"timestamp":"2025-05-27T23:16:58.0","raceTime5K":1857,"raceTime10K":4137,"raceTimeHalf":10173,"raceTimeMarathon":24578},{"userProfilePK":121376460,"calendarDate":"2025-05-29","deviceId":3464461138,"timestamp":"2025-05-28T21:15:20.0","raceTime5K":1862,"raceTime10K":4148,"raceTimeHalf":10200,"raceTimeMarathon":24640},{"userProfilePK":121376460,"calendarDate":"2025-05-30","deviceId":3464461138,"timestamp":"2025-05-29T21:57:19.0","raceTime5K":1862,"raceTime10K":4148,"raceTimeHalf":10200,"raceTimeMarathon":24640},{"userProfilePK":121376460,"calendarDate":"2025-05-31","deviceId":3464461138,"timestamp":"2025-05-30T21:02:46.0","raceTime5K":1862,"raceTime10K":4148,"raceTimeHalf":10200,"raceTimeMarathon":24640},{"userProfilePK":121376460,"calendarDate":"2025-06-01","deviceId":3464461138,"timestamp":"2025-05-31T22:34:43.0","raceTime5K":1863,"raceTime10K":4150,"raceTimeHalf":10205,"raceTimeMarathon":24651},{"userProfilePK":121376460,"calendarDate":"2025-06-02","deviceId":3464461138,"timestamp":"2025-06-01T22:45:29.0","raceTime5K":1863,"raceTime10K":4150,"raceTimeHalf":10205,"raceTimeMarathon":24651},{"userProfilePK":121376460,"calendarDate":"2025-06-03","deviceId":3464461138,"timestamp":"2025-06-02T23:32:06.0","raceTime5K":1863,"raceTime10K":4150,"raceTimeHalf":10205,"raceTimeMarathon":24651},{"userProfilePK":121376460,"calendarDate":"2025-06-04","deviceId":3464461138,"timestamp":"2025-06-03T21:03:42.0","raceTime5K":1863,"raceTime10K":4150,"raceTimeHalf":10205,"raceTimeMarathon":24651},{"userProfilePK":121376460,"calendarDate":"2025-06-06","deviceId":3464461138,"timestamp":"2025-06-05T22:44:40.0","raceTime5K":1863,"raceTime10K":4150,"raceTimeHalf":10205,"raceTimeMarathon":24651},{"userProfilePK":121376460,"calendarDate":"2025-06-07","deviceId":3464461138,"timestamp":"2025-06-06T21:01:58.0","raceTime5K":1863,"raceTime10K":4150,"raceTimeHalf":10205,"raceTimeMarathon":24651},{"userProfilePK":121376460,"calendarDate":"2025-06-08","deviceId":3464461138,"timestamp":"2025-06-08T15:36:25.0","raceTime5K":1863,"raceTime10K":4150,"raceTimeHalf":10205,"raceTimeMarathon":24651},{"userProfilePK":121376460,"calendarDate":"2025-06-08","deviceId":3464461138,"timestamp":"2025-06-08T16:21:45.0","raceTime5K":1854,"raceTime10K":4128,"raceTimeHalf":10145,"raceTimeMarathon":24512},{"userProfilePK":121376460,"calendarDate":"2025-06-09","deviceId":3464461138,"timestamp":"2025-06-08T22:00:34.0","raceTime5K":1854,"raceTime10K":4128,"raceTimeHalf":10145,"raceTimeMarathon":24512},{"userProfilePK":121376460,"calendarDate":"2025-06-10","deviceId":3464461138,"timestamp":"2025-06-09T22:29:24.0","raceTime5K":1854,"raceTime10K":4128,"raceTimeHalf":10145,"raceTimeMarathon":24512},{"userProfilePK":121376460,"calendarDate":"2025-06-12","deviceId":3464461138,"timestamp":"2025-06-12T01:09:37.0","raceTime5K":1854,"raceTime10K":4128,"raceTimeHalf":10145,"raceTimeMarathon":24512},{"userProfilePK":121376460,"calendarDate":"2025-06-16","deviceId":3464461138,"timestamp":"2025-06-15T23:18:14.0","raceTime5K":1854,"raceTime10K":4128,"raceTimeHalf":10145,"raceTimeMarathon":24512},{"userProfilePK":121376460,"calendarDate":"2025-06-17","deviceId":3464461138,"timestamp":"2025-06-16T22:15:41.0","raceTime5K":1854,"raceTime10K":4128,"raceTimeHalf":10145,"raceTimeMarathon":24512}]