[{"personalRecords":[{"personalRecordId":2414118082,"activityId":0,"value":21206.0,"prStartTimeGMT":"Fri Apr 05 21:00:00 GMT 2024","personalRecordType":"Most Steps in a Day","createdDate":"2024-04-04","current":true,"confirmed":true},{"personalRecordId":2414118083,"activityId":0,"value":29063.0,"prStartTimeGMT":"Sat May 17 21:00:00 GMT 2025","personalRecordType":"Most Steps in a Week","createdDate":"2024-04-04","current":true,"confirmed":true},{"personalRecordId":2414118084,"activityId":0,"value":59795.0,"prStartTimeGMT":"Fri May 30 21:00:00 GMT 2025","personalRecordType":"Most Steps in a Month","createdDate":"2024-04-04","current":true,"confirmed":true},{"personalRecordId":2414696445,"activityId":0,"value":0.0,"prStartTimeGMT":"Mon Jun 16 21:00:00 GMT 2025","personalRecordType":"Current Goal Streak","createdDate":"2024-04-05","current":true,"confirmed":true},{"personalRecordId":2415176374,"activityId":0,"value":1.0,"prStartTimeGMT":"Fri Apr 05 21:00:00 GMT 2024","personalRecordType":"Longest Goal Streak","createdDate":"2024-04-06","current":true,"confirmed":true}]}]