[{"version":1712167765312,"metaData":{"userProfilePK":121376460,"calendarDate":"2024-04-03T21:09:25.277","sequence":1712167765312},"height":175.0,"userSetNullForHeight":false,"userSetNullForWeight":false,"userSetNullForActivityClass":false,"userSetNullForLactateThresholdSpeed":false,"userSetNullForLactateThresholdHR":false,"userSetNullForVO2MaxCycling":false,"userSetNullForVO2MaxRunning":false},{"version":1712167774134,"metaData":{"userProfilePK":121376460,"calendarDate":"2024-04-03T21:09:34.100","sequence":1712167774134},"height":189.0,"userSetNullForHeight":false,"userSetNullForWeight":false,"userSetNullForActivityClass":false,"userSetNullForLactateThresholdSpeed":false,"userSetNullForLactateThresholdHR":false,"userSetNullForVO2MaxCycling":false,"userSetNullForVO2MaxRunning":false},{"version":1712167774167,"metaData":{"userProfilePK":121376460,"calendarDate":"2024-04-03T21:09:34.100","sequence":1712167774167},"weight":{"weight":88000.0,"sourceType":"USER_SETTING","timestampGMT":"2024-04-03T18:09:34.100"},"userSetNullForHeight":false,"userSetNullForWeight":false,"userSetNullForActivityClass":false,"userSetNullForLactateThresholdSpeed":false,"userSetNullForLactateThresholdHR":false,"userSetNullForVO2MaxCycling":false,"userSetNullForVO2MaxRunning":false},{"version":1712167781666,"metaData":{"userProfilePK":121376460,"calendarDate":"2024-04-03T21:09:41.636","sequence":1712167781666},"height":189.0,"userSetNullForHeight":false,"userSetNullForWeight":false,"userSetNullForActivityClass":false,"userSetNullForLactateThresholdSpeed":false,"userSetNullForLactateThresholdHR":false,"userSetNullForVO2MaxCycling":false,"userSetNullForVO2MaxRunning":false},{"version":1712167781694,"metaData":{"userProfilePK":121376460,"calendarDate":"2024-04-03T21:09:41.636","sequence":1712167781694},"weight":{"weight":113000.0,"sourceType":"USER_SETTING","timestampGMT":"2024-04-03T18:09:41.636"},"userSetNullForHeight":false,"userSetNullForWeight":false,"userSetNullForActivityClass":false,"userSetNullForLactateThresholdSpeed":false,"userSetNullForLactateThresholdHR":false,"userSetNullForVO2MaxCycling":false,"userSetNullForVO2MaxRunning":false},{"version":1712167794205,"metaData":{"userProfilePK":121376460,"calendarDate":"2024-04-03T21:09:54.99","sequence":1712167794205},"height":189.0,"userSetNullForHeight":false,"userSetNullForWeight":false,"userSetNullForActivityClass":false,"userSetNullForLactateThresholdSpeed":false,"userSetNullForLactateThresholdHR":false,"userSetNullForVO2MaxCycling":false,"userSetNullForVO2MaxRunning":false},{"version":1712167794247,"metaData":{"userProfilePK":121376460,"calendarDate":"2024-04-03T21:09:54.99","sequence":1712167794247},"weight":{"weight":113000.0,"sourceType":"USER_SETTING","timestampGMT":"2024-04-03T18:09:54.990"},"userSetNullForHeight":false,"userSetNullForWeight":false,"userSetNullForActivityClass":false,"userSetNullForLactateThresholdSpeed":false,"userSetNullForLactateThresholdHR":false,"userSetNullForVO2MaxCycling":false,"userSetNullForVO2MaxRunning":false},{"version":1712167817855,"metaData":{"userProfilePK":121376460,"calendarDate":"2024-04-03T21:10:17.809","sequence":1712167817855},"height":189.0,"userSetNullForHeight":false,"userSetNullForWeight":false,"userSetNullForActivityClass":false,"userSetNullForLactateThresholdSpeed":false,"userSetNullForLactateThresholdHR":false,"userSetNullForVO2MaxCycling":false,"userSetNullForVO2MaxRunning":false},{"version":1712167817885,"metaData":{"userProfilePK":121376460,"calendarDate":"2024-04-03T21:10:17.809","sequence":1712167817885},"weight":{"weight":113000.0,"sourceType":"USER_SETTING","timestampGMT":"2024-04-03T18:10:17.809"},"userSetNullForHeight":false,"userSetNullForWeight":false,"userSetNullForActivityClass":false,"userSetNullForLactateThresholdSpeed":false,"userSetNullForLactateThresholdHR":false,"userSetNullForVO2MaxCycling":false,"userSetNullForVO2MaxRunning":false},{"version":1712167829423,"metaData":{"userProfilePK":121376460,"calendarDate":"2024-04-03T21:10:29.383","sequence":1712167829423},"height":189.0,"userSetNullForHeight":false,"userSetNullForWeight":false,"userSetNullForActivityClass":false,"userSetNullForLactateThresholdSpeed":false,"userSetNullForLactateThresholdHR":false,"userSetNullForVO2MaxCycling":false,"userSetNullForVO2MaxRunning":false},{"version":1712167829455,"metaData":{"userProfilePK":121376460,"calendarDate":"2024-04-03T21:10:29.383","sequence":1712167829455},"weight":{"weight":113000.0,"sourceType":"USER_SETTING","timestampGMT":"2024-04-03T18:10:29.383"},"userSetNullForHeight":false,"userSetNullForWeight":false,"userSetNullForActivityClass":false,"userSetNullForLactateThresholdSpeed":false,"userSetNullForLactateThresholdHR":false,"userSetNullForVO2MaxCycling":false,"userSetNullForVO2MaxRunning":false},{"version":1712330485854,"metaData":{"userProfilePK":121376460,"calendarDate":"2024-04-04T00:00:00.0","sequence":1712330485854},"vo2MaxRunning":38.0,"userSetNullForHeight":false,"userSetNullForWeight":false,"userSetNullForActivityClass":false,"userSetNullForLactateThresholdSpeed":false,"userSetNullForLactateThresholdHR":false,"userSetNullForVO2MaxCycling":false,"userSetNullForVO2MaxRunning":false},{"version":1714487718332,"metaData":{"userProfilePK":121376460,"calendarDate":"2024-04-06T00:00:00.0","sequence":1714487718332},"vo2MaxRunning":36.0,"userSetNullForHeight":false,"userSetNullForWeight":false,"userSetNullForActivityClass":false,"userSetNullForLactateThresholdSpeed":false,"userSetNullForLactateThresholdHR":false,"userSetNullForVO2MaxCycling":false,"userSetNullForVO2MaxRunning":false},{"version":1714490033125,"metaData":{"userProfilePK":121376460,"calendarDate":"2024-04-30T00:00:00.0","sequence":1714490033125},"vo2MaxRunning":35.0,"userSetNullForHeight":false,"userSetNullForWeight":false,"userSetNullForActivityClass":false,"userSetNullForLactateThresholdSpeed":false,"userSetNullForLactateThresholdHR":false,"userSetNullForVO2MaxCycling":false,"userSetNullForVO2MaxRunning":false},{"version":1719302414126,"metaData":{"userProfilePK":121376460,"calendarDate":"2024-06-25T00:00:00.0","sequence":1719302414126},"vo2MaxRunning":36.0,"userSetNullForHeight":false,"userSetNullForWeight":false,"userSetNullForActivityClass":false,"userSetNullForLactateThresholdSpeed":false,"userSetNullForLactateThresholdHR":false,"userSetNullForVO2MaxCycling":false,"userSetNullForVO2MaxRunning":false},{"version":1720382158315,"metaData":{"userProfilePK":121376460,"calendarDate":"2024-06-26T00:00:00.0","sequence":1720382158315},"vo2MaxRunning":35.0,"userSetNullForHeight":false,"userSetNullForWeight":false,"userSetNullForActivityClass":false,"userSetNullForLactateThresholdSpeed":false,"userSetNullForLactateThresholdHR":false,"userSetNullForVO2MaxCycling":false,"userSetNullForVO2MaxRunning":false},{"version":1720386238548,"metaData":{"userProfilePK":121376460,"calendarDate":"2024-07-08T00:00:00.0","sequence":1720386238548},"vo2MaxRunning":37.0,"userSetNullForHeight":false,"userSetNullForWeight":false,"userSetNullForActivityClass":false,"userSetNullForLactateThresholdSpeed":false,"userSetNullForLactateThresholdHR":false,"userSetNullForVO2MaxCycling":false,"userSetNullForVO2MaxRunning":false},{"version":1722195086856,"metaData":{"userProfilePK":121376460,"calendarDate":"2024-07-08T00:00:00.0","sequence":1722195086856},"vo2MaxRunning":38.0,"userSetNullForHeight":false,"userSetNullForWeight":false,"userSetNullForActivityClass":false,"userSetNullForLactateThresholdSpeed":false,"userSetNullForLactateThresholdHR":false,"userSetNullForVO2MaxCycling":false,"userSetNullForVO2MaxRunning":false},{"version":1724006585081,"metaData":{"userProfilePK":121376460,"calendarDate":"2024-07-28T00:00:00.0","sequence":1724006585081},"vo2MaxRunning":38.0,"userSetNullForHeight":false,"userSetNullForWeight":false,"userSetNullForActivityClass":false,"userSetNullForLactateThresholdSpeed":false,"userSetNullForLactateThresholdHR":false,"userSetNullForVO2MaxCycling":false,"userSetNullForVO2MaxRunning":false},{"version":1725994678745,"metaData":{"userProfilePK":121376460,"calendarDate":"2024-08-18T00:00:00.0","sequence":1725994678745},"vo2MaxRunning":38.0,"userSetNullForHeight":false,"userSetNullForWeight":false,"userSetNullForActivityClass":false,"userSetNullForLactateThresholdSpeed":false,"userSetNullForLactateThresholdHR":false,"userSetNullForVO2MaxCycling":false,"userSetNullForVO2MaxRunning":false},{"version":1746983739337,"metaData":{"userProfilePK":121376460,"calendarDate":"2025-05-11T20:15:39.306","sequence":1746983739337},"weight":{"weight":112800.0,"sourceType":"USER_SETTING","timestampGMT":"2025-05-11T17:15:39.306"},"userSetNullForHeight":false,"userSetNullForWeight":false,"userSetNullForActivityClass":false,"userSetNullForLactateThresholdSpeed":false,"userSetNullForLactateThresholdHR":false,"userSetNullForVO2MaxCycling":false,"userSetNullForVO2MaxRunning":false},{"version":1747581720909,"metaData":{"userProfilePK":121376460,"calendarDate":"2025-05-15T00:00:00.0","sequence":1747581720909},"vo2MaxRunning":39.0,"userSetNullForHeight":false,"userSetNullForWeight":false,"userSetNullForActivityClass":false,"userSetNullForLactateThresholdSpeed":false,"userSetNullForLactateThresholdHR":false,"userSetNullForVO2MaxCycling":false,"userSetNullForVO2MaxRunning":false},{"version":1747581720911,"metaData":{"userProfilePK":121376460,"calendarDate":"2025-05-15T00:00:00.0","sequence":1747581720911},"vo2MaxRunning":39.0,"userSetNullForHeight":false,"userSetNullForWeight":false,"userSetNullForActivityClass":false,"userSetNullForLactateThresholdSpeed":false,"userSetNullForLactateThresholdHR":false,"userSetNullForVO2MaxCycling":false,"userSetNullForVO2MaxRunning":false},{"version":1747581720912,"metaData":{"userProfilePK":121376460,"calendarDate":"2025-05-15T00:00:00.0","sequence":1747581720912},"vo2MaxRunning":39.0,"userSetNullForHeight":false,"userSetNullForWeight":false,"userSetNullForActivityClass":false,"userSetNullForLactateThresholdSpeed":false,"userSetNullForLactateThresholdHR":false,"userSetNullForVO2MaxCycling":false,"userSetNullForVO2MaxRunning":false},{"version":1747581720913,"metaData":{"userProfilePK":121376460,"calendarDate":"2025-05-15T00:00:00.0","sequence":1747581720913},"vo2MaxRunning":39.0,"userSetNullForHeight":false,"userSetNullForWeight":false,"userSetNullForActivityClass":false,"userSetNullForLactateThresholdSpeed":false,"userSetNullForLactateThresholdHR":false,"userSetNullForVO2MaxCycling":false,"userSetNullForVO2MaxRunning":false},{"version":1747581721844,"metaData":{"userProfilePK":121376460,"calendarDate":"2025-05-18T00:00:00.0","sequence":1747581721844},"vo2MaxRunning":39.0,"userSetNullForHeight":false,"userSetNullForWeight":false,"userSetNullForActivityClass":false,"userSetNullForLactateThresholdSpeed":false,"userSetNullForLactateThresholdHR":false,"userSetNullForVO2MaxCycling":false,"userSetNullForVO2MaxRunning":false},{"version":1749399770135,"metaData":{"userProfilePK":121376460,"calendarDate":"2025-06-08T00:00:00.0","sequence":1749399770135},"vo2MaxRunning":39.0,"userSetNullForHeight":false,"userSetNullForWeight":false,"userSetNullForActivityClass":false,"userSetNullForLactateThresholdSpeed":false,"userSetNullForLactateThresholdHR":false,"userSetNullForVO2MaxCycling":false,"userSetNullForVO2MaxRunning":false}]