[{"sleepStartTimestampGMT":"2024-04-02T19:00:00.0","sleepEndTimestampGMT":"2024-04-03T05:00:00.0","calendarDate":"2024-04-03","sleepWindowConfirmationType":"UNCONFIRMED","retro":false},{"sleepStartTimestampGMT":"2024-04-03T19:00:00.0","sleepEndTimestampGMT":"2024-04-04T05:00:00.0","calendarDate":"2024-04-04","sleepWindowConfirmationType":"UNCONFIRMED","retro":false},{"sleepStartTimestampGMT":"2024-04-04T19:00:00.0","sleepEndTimestampGMT":"2024-04-05T05:00:00.0","calendarDate":"2024-04-05","sleepWindowConfirmationType":"UNCONFIRMED","retro":false},{"sleepStartTimestampGMT":"2024-04-05T19:00:00.0","sleepEndTimestampGMT":"2024-04-06T05:00:00.0","calendarDate":"2024-04-06","sleepWindowConfirmationType":"UNCONFIRMED","retro":false},{"sleepStartTimestampGMT":"2024-04-07T23:18:00.0","sleepEndTimestampGMT":"2024-04-08T05:34:00.0","calendarDate":"2024-04-08","sleepWindowConfirmationType":"ENHANCED_CONFIRMED","deepSleepSeconds":2520,"lightSleepSeconds":10500,"remSleepSeconds":9480,"awakeSleepSeconds":60,"unmeasurableSeconds":0,"averageRespiration":16.0,"lowestRespiration":12.0,"highestRespiration":25.0,"retro":false},{"sleepStartTimestampGMT":"2024-04-22T19:00:00.0","sleepEndTimestampGMT":"2024-04-23T05:00:00.0","calendarDate":"2024-04-23","sleepWindowConfirmationType":"UNCONFIRMED","retro":false},{"sleepStartTimestampGMT":"2024-04-29T19:00:00.0","sleepEndTimestampGMT":"2024-04-30T05:00:00.0","calendarDate":"2024-04-30","sleepWindowConfirmationType":"UNCONFIRMED","retro":false},{"sleepStartTimestampGMT":"2024-05-02T19:00:00.0","sleepEndTimestampGMT":"2024-05-03T05:00:00.0","calendarDate":"2024-05-03","sleepWindowConfirmationType":"UNCONFIRMED","retro":false},{"sleepStartTimestampGMT":"2024-05-04T01:46:00.0","sleepEndTimestampGMT":"2024-05-04T08:32:00.0","calendarDate":"2024-05-04","sleepWindowConfirmationType":"AUTO_CONFIRMED","deepSleepSeconds":12960,"lightSleepSeconds":11160,"awakeSleepSeconds":240,"unmeasurableSeconds":0,"averageRespiration":15.0,"lowestRespiration":12.0,"highestRespiration":19.0,"retro":false},{"sleepStartTimestampGMT":"2024-06-23T19:00:00.0","sleepEndTimestampGMT":"2024-06-24T05:00:00.0","calendarDate":"2024-06-24","sleepWindowConfirmationType":"UNCONFIRMED","retro":false},{"sleepStartTimestampGMT":"2024-06-25T01:39:00.0","sleepEndTimestampGMT":"2024-06-25T07:59:00.0","calendarDate":"2024-06-25","sleepWindowConfirmationType":"ENHANCED_CONFIRMED_FINAL","deepSleepSeconds":3780,"lightSleepSeconds":14940,"remSleepSeconds":4080,"awakeSleepSeconds":0,"unmeasurableSeconds":0,"averageRespiration":15.0,"lowestRespiration":12.0,"highestRespiration":26.0,"retro":false},{"sleepStartTimestampGMT":"2024-06-25T23:27:00.0","sleepEndTimestampGMT":"2024-06-26T07:27:00.0","calendarDate":"2024-06-26","sleepWindowConfirmationType":"ENHANCED_CONFIRMED","deepSleepSeconds":3420,"lightSleepSeconds":14100,"remSleepSeconds":10920,"awakeSleepSeconds":360,"unmeasurableSeconds":0,"averageRespiration":14.0,"lowestRespiration":12.0,"highestRespiration":21.0,"retro":false},{"sleepStartTimestampGMT":"2024-06-29T19:00:00.0","sleepEndTimestampGMT":"2024-06-30T05:00:00.0","calendarDate":"2024-06-30","sleepWindowConfirmationType":"UNCONFIRMED","retro":false},{"sleepStartTimestampGMT":"2024-07-06T19:00:00.0","sleepEndTimestampGMT":"2024-07-07T05:00:00.0","calendarDate":"2024-07-07","sleepWindowConfirmationType":"UNCONFIRMED","retro":false},{"sleepStartTimestampGMT":"2024-07-07T19:00:00.0","sleepEndTimestampGMT":"2024-07-08T05:00:00.0","calendarDate":"2024-07-08","sleepWindowConfirmationType":"UNCONFIRMED","retro":false},{"sleepStartTimestampGMT":"2024-07-12T19:00:00.0","sleepEndTimestampGMT":"2024-07-13T05:00:00.0","calendarDate":"2024-07-13","sleepWindowConfirmationType":"UNCONFIRMED","retro":false},{"sleepStartTimestampGMT":"2024-07-13T19:00:00.0","sleepEndTimestampGMT":"2024-07-14T05:00:00.0","calendarDate":"2024-07-14","sleepWindowConfirmationType":"UNCONFIRMED","retro":false},{"sleepStartTimestampGMT":"2024-07-27T19:00:00.0","sleepEndTimestampGMT":"2024-07-28T05:00:00.0","calendarDate":"2024-07-28","sleepWindowConfirmationType":"UNCONFIRMED","retro":false},{"sleepStartTimestampGMT":"2024-08-17T19:00:00.0","sleepEndTimestampGMT":"2024-08-18T05:00:00.0","calendarDate":"2024-08-18","sleepWindowConfirmationType":"UNCONFIRMED","retro":false},{"sleepStartTimestampGMT":"2024-09-09T19:00:00.0","sleepEndTimestampGMT":"2024-09-10T05:00:00.0","calendarDate":"2024-09-10","sleepWindowConfirmationType":"UNCONFIRMED","retro":false},{"sleepStartTimestampGMT":"2024-09-11T19:00:00.0","sleepEndTimestampGMT":"2024-09-12T05:00:00.0","calendarDate":"2024-09-12","sleepWindowConfirmationType":"UNCONFIRMED","retro":false},{"sleepStartTimestampGMT":"2024-10-05T19:00:00.0","sleepEndTimestampGMT":"2024-10-06T05:00:00.0","calendarDate":"2024-10-06","sleepWindowConfirmationType":"UNCONFIRMED","retro":false},{"sleepStartTimestampGMT":"2024-10-06T19:00:00.0","sleepEndTimestampGMT":"2024-10-07T05:00:00.0","calendarDate":"2024-10-07","sleepWindowConfirmationType":"UNCONFIRMED","retro":false},{"sleepStartTimestampGMT":"2024-10-07T21:47:00.0","sleepEndTimestampGMT":"2024-10-08T05:16:00.0","calendarDate":"2024-10-08","sleepWindowConfirmationType":"OFF_WRIST","deepSleepSeconds":0,"lightSleepSeconds":0,"awakeSleepSeconds":0,"unmeasurableSeconds":0,"retro":false},{"sleepStartTimestampGMT":"2024-12-13T20:00:00.0","sleepEndTimestampGMT":"2024-12-14T06:00:00.0","calendarDate":"2024-12-14","sleepWindowConfirmationType":"UNCONFIRMED","retro":false},{"sleepStartTimestampGMT":"2024-12-14T19:02:00.0","sleepEndTimestampGMT":"2024-12-15T09:26:00.0","calendarDate":"2024-12-15","sleepWindowConfirmationType":"OFF_WRIST","deepSleepSeconds":0,"lightSleepSeconds":0,"awakeSleepSeconds":0,"unmeasurableSeconds":0,"retro":false},{"sleepStartTimestampGMT":"2024-12-15T19:02:00.0","sleepEndTimestampGMT":"2024-12-16T09:26:00.0","calendarDate":"2024-12-16","sleepWindowConfirmationType":"OFF_WRIST","deepSleepSeconds":0,"lightSleepSeconds":0,"awakeSleepSeconds":0,"unmeasurableSeconds":0,"retro":false},{"sleepStartTimestampGMT":"2024-12-16T19:02:00.0","sleepEndTimestampGMT":"2024-12-17T09:26:00.0","calendarDate":"2024-12-17","sleepWindowConfirmationType":"OFF_WRIST","deepSleepSeconds":0,"lightSleepSeconds":0,"awakeSleepSeconds":0,"unmeasurableSeconds":0,"retro":false},{"sleepStartTimestampGMT":"2024-12-17T19:02:00.0","sleepEndTimestampGMT":"2024-12-18T09:26:00.0","calendarDate":"2024-12-18","sleepWindowConfirmationType":"OFF_WRIST","deepSleepSeconds":0,"lightSleepSeconds":0,"awakeSleepSeconds":0,"unmeasurableSeconds":0,"retro":false},{"sleepStartTimestampGMT":"2024-12-18T19:02:00.0","sleepEndTimestampGMT":"2024-12-19T09:21:00.0","calendarDate":"2024-12-19","sleepWindowConfirmationType":"OFF_WRIST","deepSleepSeconds":0,"lightSleepSeconds":0,"awakeSleepSeconds":0,"unmeasurableSeconds":0,"retro":false},{"sleepStartTimestampGMT":"2024-12-19T19:02:00.0","sleepEndTimestampGMT":"2024-12-20T09:26:00.0","calendarDate":"2024-12-20","sleepWindowConfirmationType":"OFF_WRIST","deepSleepSeconds":0,"lightSleepSeconds":0,"awakeSleepSeconds":0,"unmeasurableSeconds":0,"retro":false},{"sleepStartTimestampGMT":"2024-12-20T19:02:00.0","sleepEndTimestampGMT":"2024-12-21T09:26:00.0","calendarDate":"2024-12-21","sleepWindowConfirmationType":"OFF_WRIST","deepSleepSeconds":0,"lightSleepSeconds":0,"awakeSleepSeconds":0,"unmeasurableSeconds":0,"retro":false},{"sleepStartTimestampGMT":"2024-12-21T19:02:00.0","sleepEndTimestampGMT":"2024-12-22T09:26:00.0","calendarDate":"2024-12-22","sleepWindowConfirmationType":"OFF_WRIST","deepSleepSeconds":0,"lightSleepSeconds":0,"awakeSleepSeconds":0,"unmeasurableSeconds":0,"retro":false},{"sleepStartTimestampGMT":"2024-12-22T18:52:00.0","sleepEndTimestampGMT":"2024-12-23T01:36:00.0","calendarDate":"2024-12-23","sleepWindowConfirmationType":"OFF_WRIST","deepSleepSeconds":0,"lightSleepSeconds":0,"awakeSleepSeconds":0,"unmeasurableSeconds":0,"retro":false},{"sleepStartTimestampGMT":"2025-05-08T19:00:00.0","sleepEndTimestampGMT":"2025-05-09T05:00:00.0","calendarDate":"2025-05-09","sleepWindowConfirmationType":"UNCONFIRMED","retro":false},{"sleepStartTimestampGMT":"2025-05-10T19:00:00.0","sleepEndTimestampGMT":"2025-05-11T05:00:00.0","calendarDate":"2025-05-11","sleepWindowConfirmationType":"UNCONFIRMED","retro":false},{"sleepStartTimestampGMT":"2025-05-12T00:14:00.0","sleepEndTimestampGMT":"2025-05-12T07:35:00.0","calendarDate":"2025-05-12","sleepWindowConfirmationType":"ENHANCED_CONFIRMED","deepSleepSeconds":720,"lightSleepSeconds":18420,"remSleepSeconds":7320,"awakeSleepSeconds":0,"unmeasurableSeconds":0,"averageRespiration":14.0,"lowestRespiration":12.0,"highestRespiration":20.0,"retro":false},{"sleepStartTimestampGMT":"2025-05-12T19:00:00.0","sleepEndTimestampGMT":"2025-05-13T05:00:00.0","calendarDate":"2025-05-13","sleepWindowConfirmationType":"UNCONFIRMED","retro":false},{"sleepStartTimestampGMT":"2025-05-13T23:41:00.0","sleepEndTimestampGMT":"2025-05-14T07:51:00.0","calendarDate":"2025-05-14","sleepWindowConfirmationType":"ENHANCED_CONFIRMED","deepSleepSeconds":3240,"lightSleepSeconds":17160,"remSleepSeconds":8700,"awakeSleepSeconds":300,"unmeasurableSeconds":0,"averageRespiration":14.0,"lowestRespiration":12.0,"highestRespiration":19.0,"retro":false},{"sleepStartTimestampGMT":"2025-05-15T00:41:00.0","sleepEndTimestampGMT":"2025-05-15T07:18:00.0","calendarDate":"2025-05-15","sleepWindowConfirmationType":"ENHANCED_CONFIRMED","deepSleepSeconds":6120,"lightSleepSeconds":11280,"remSleepSeconds":2340,"awakeSleepSeconds":4080,"unmeasurableSeconds":0,"averageRespiration":14.0,"lowestRespiration":11.0,"highestRespiration":18.0,"retro":false},{"sleepStartTimestampGMT":"2025-05-17T19:00:00.0","sleepEndTimestampGMT":"2025-05-18T05:00:00.0","calendarDate":"2025-05-18","sleepWindowConfirmationType":"UNCONFIRMED","retro":false},{"sleepStartTimestampGMT":"2025-05-19T02:08:00.0","sleepEndTimestampGMT":"2025-05-19T09:15:00.0","calendarDate":"2025-05-19","sleepWindowConfirmationType":"ENHANCED_CONFIRMED","deepSleepSeconds":3600,"lightSleepSeconds":13980,"remSleepSeconds":7920,"awakeSleepSeconds":120,"unmeasurableSeconds":0,"averageRespiration":15.0,"lowestRespiration":12.0,"highestRespiration":22.0,"retro":false},{"sleepStartTimestampGMT":"2025-05-20T00:02:00.0","sleepEndTimestampGMT":"2025-05-20T07:48:00.0","calendarDate":"2025-05-20","sleepWindowConfirmationType":"ENHANCED_CONFIRMED","deepSleepSeconds":1440,"lightSleepSeconds":17160,"remSleepSeconds":9120,"awakeSleepSeconds":240,"unmeasurableSeconds":0,"averageRespiration":15.0,"lowestRespiration":12.0,"highestRespiration":26.0,"retro":false},{"sleepStartTimestampGMT":"2025-05-21T00:21:00.0","sleepEndTimestampGMT":"2025-05-21T08:10:00.0","calendarDate":"2025-05-21","sleepWindowConfirmationType":"ENHANCED_CONFIRMED","deepSleepSeconds":1440,"lightSleepSeconds":18120,"remSleepSeconds":8100,"awakeSleepSeconds":480,"unmeasurableSeconds":0,"averageRespiration":14.0,"lowestRespiration":12.0,"highestRespiration":21.0,"retro":false},{"sleepStartTimestampGMT":"2025-05-21T21:35:00.0","sleepEndTimestampGMT":"2025-05-22T09:17:00.0","calendarDate":"2025-05-22","sleepWindowConfirmationType":"ENHANCED_CONFIRMED","deepSleepSeconds":1920,"lightSleepSeconds":24300,"remSleepSeconds":15540,"awakeSleepSeconds":360,"unmeasurableSeconds":0,"averageRespiration":14.0,"lowestRespiration":12.0,"highestRespiration":22.0,"retro":false},{"sleepStartTimestampGMT":"2025-05-23T01:43:00.0","sleepEndTimestampGMT":"2025-05-23T10:05:00.0","calendarDate":"2025-05-23","sleepWindowConfirmationType":"ENHANCED_CONFIRMED","deepSleepSeconds":2760,"lightSleepSeconds":20400,"remSleepSeconds":6600,"awakeSleepSeconds":360,"unmeasurableSeconds":0,"averageRespiration":14.0,"lowestRespiration":12.0,"highestRespiration":21.0,"retro":false},{"sleepStartTimestampGMT":"2025-05-24T00:43:00.0","sleepEndTimestampGMT":"2025-05-24T09:07:00.0","calendarDate":"2025-05-24","sleepWindowConfirmationType":"ENHANCED_CONFIRMED","deepSleepSeconds":2820,"lightSleepSeconds":16380,"remSleepSeconds":7740,"awakeSleepSeconds":3300,"unmeasurableSeconds":0,"averageRespiration":15.0,"lowestRespiration":13.0,"highestRespiration":20.0,"retro":false},{"sleepStartTimestampGMT":"2025-05-24T22:48:00.0","sleepEndTimestampGMT":"2025-05-25T05:03:00.0","calendarDate":"2025-05-25","sleepWindowConfirmationType":"ENHANCED_CONFIRMED","deepSleepSeconds":2220,"lightSleepSeconds":12840,"remSleepSeconds":7440,"awakeSleepSeconds":0,"unmeasurableSeconds":0,"averageRespiration":15.0,"lowestRespiration":12.0,"highestRespiration":22.0,"retro":false},{"sleepStartTimestampGMT":"2025-05-26T00:19:00.0","sleepEndTimestampGMT":"2025-05-26T07:05:00.0","calendarDate":"2025-05-26","sleepWindowConfirmationType":"ENHANCED_CONFIRMED","deepSleepSeconds":1440,"lightSleepSeconds":17220,"remSleepSeconds":5580,"awakeSleepSeconds":120,"unmeasurableSeconds":0,"averageRespiration":15.0,"lowestRespiration":12.0,"highestRespiration":19.0,"retro":false},{"sleepStartTimestampGMT":"2025-05-26T22:29:00.0","sleepEndTimestampGMT":"2025-05-27T06:40:00.0","calendarDate":"2025-05-27","sleepWindowConfirmationType":"ENHANCED_CONFIRMED","deepSleepSeconds":6720,"lightSleepSeconds":10920,"remSleepSeconds":11820,"awakeSleepSeconds":0,"unmeasurableSeconds":0,"averageRespiration":15.0,"lowestRespiration":12.0,"highestRespiration":22.0,"retro":false},{"sleepStartTimestampGMT":"2025-05-28T01:57:00.0","sleepEndTimestampGMT":"2025-05-28T08:59:00.0","calendarDate":"2025-05-28","sleepWindowConfirmationType":"ENHANCED_CONFIRMED","deepSleepSeconds":2760,"lightSleepSeconds":14700,"remSleepSeconds":7380,"awakeSleepSeconds":480,"unmeasurableSeconds":0,"averageRespiration":14.0,"lowestRespiration":12.0,"highestRespiration":21.0,"retro":false},{"sleepStartTimestampGMT":"2025-05-28T23:12:00.0","sleepEndTimestampGMT":"2025-05-29T08:00:00.0","calendarDate":"2025-05-29","sleepWindowConfirmationType":"ENHANCED_CONFIRMED_FINAL","deepSleepSeconds":2040,"lightSleepSeconds":16020,"remSleepSeconds":13620,"awakeSleepSeconds":0,"unmeasurableSeconds":0,"averageRespiration":14.0,"lowestRespiration":11.0,"highestRespiration":19.0,"retro":false},{"sleepStartTimestampGMT":"2025-05-29T23:03:00.0","sleepEndTimestampGMT":"2025-05-30T07:01:00.0","calendarDate":"2025-05-30","sleepWindowConfirmationType":"ENHANCED_CONFIRMED_FINAL","deepSleepSeconds":2520,"lightSleepSeconds":17400,"remSleepSeconds":8760,"awakeSleepSeconds":0,"unmeasurableSeconds":0,"averageRespiration":15.0,"lowestRespiration":12.0,"highestRespiration":23.0,"retro":false},{"sleepStartTimestampGMT":"2025-05-31T00:49:00.0","sleepEndTimestampGMT":"2025-05-31T08:54:00.0","calendarDate":"2025-05-31","sleepWindowConfirmationType":"ENHANCED_CONFIRMED","deepSleepSeconds":600,"lightSleepSeconds":15480,"remSleepSeconds":12960,"awakeSleepSeconds":60,"unmeasurableSeconds":0,"averageRespiration":14.0,"lowestRespiration":11.0,"highestRespiration":19.0,"retro":false},{"sleepStartTimestampGMT":"2025-05-31T19:00:00.0","sleepEndTimestampGMT":"2025-06-01T05:00:00.0","calendarDate":"2025-06-01","sleepWindowConfirmationType":"UNCONFIRMED","retro":false},{"sleepStartTimestampGMT":"2025-06-02T01:32:00.0","sleepEndTimestampGMT":"2025-06-02T08:50:00.0","calendarDate":"2025-06-02","sleepWindowConfirmationType":"ENHANCED_CONFIRMED","deepSleepSeconds":4800,"lightSleepSeconds":13020,"remSleepSeconds":8400,"awakeSleepSeconds":60,"unmeasurableSeconds":0,"averageRespiration":15.0,"lowestRespiration":12.0,"highestRespiration":18.0,"retro":false},{"sleepStartTimestampGMT":"2025-06-03T02:25:00.0","sleepEndTimestampGMT":"2025-06-03T09:28:00.0","calendarDate":"2025-06-03","sleepWindowConfirmationType":"ENHANCED_CONFIRMED","deepSleepSeconds":2340,"lightSleepSeconds":16680,"remSleepSeconds":5160,"awakeSleepSeconds":1200,"unmeasurableSeconds":0,"averageRespiration":15.0,"lowestRespiration":12.0,"highestRespiration":19.0,"retro":false},{"sleepStartTimestampGMT":"2025-06-04T00:03:00.0","sleepEndTimestampGMT":"2025-06-04T08:53:00.0","calendarDate":"2025-06-04","sleepWindowConfirmationType":"ENHANCED_CONFIRMED","deepSleepSeconds":1440,"lightSleepSeconds":18360,"remSleepSeconds":11940,"awakeSleepSeconds":60,"unmeasurableSeconds":0,"averageRespiration":14.0,"lowestRespiration":11.0,"highestRespiration":22.0,"retro":false},{"sleepStartTimestampGMT":"2025-06-06T03:01:00.0","sleepEndTimestampGMT":"2025-06-06T09:50:00.0","calendarDate":"2025-06-06","sleepWindowConfirmationType":"ENHANCED_CONFIRMED","deepSleepSeconds":4800,"lightSleepSeconds":11940,"remSleepSeconds":7800,"awakeSleepSeconds":0,"unmeasurableSeconds":0,"averageRespiration":15.0,"lowestRespiration":13.0,"highestRespiration":21.0,"retro":false},{"sleepStartTimestampGMT":"2025-06-06T17:47:00.0","sleepEndTimestampGMT":"2025-06-06T23:37:00.0","calendarDate":"2025-06-07","sleepWindowConfirmationType":"OFF_WRIST","deepSleepSeconds":0,"lightSleepSeconds":0,"awakeSleepSeconds":0,"unmeasurableSeconds":0,"retro":false},{"sleepStartTimestampGMT":"2025-06-07T19:00:00.0","sleepEndTimestampGMT":"2025-06-08T05:00:00.0","calendarDate":"2025-06-08","sleepWindowConfirmationType":"UNCONFIRMED","retro":false},{"sleepStartTimestampGMT":"2025-06-08T23:49:00.0","sleepEndTimestampGMT":"2025-06-09T06:22:00.0","calendarDate":"2025-06-09","sleepWindowConfirmationType":"ENHANCED_CONFIRMED","deepSleepSeconds":5220,"lightSleepSeconds":13920,"remSleepSeconds":4380,"awakeSleepSeconds":60,"unmeasurableSeconds":0,"averageRespiration":15.0,"lowestRespiration":12.0,"highestRespiration":22.0,"retro":false},{"sleepStartTimestampGMT":"2025-06-10T00:38:00.0","sleepEndTimestampGMT":"2025-06-10T08:54:00.0","calendarDate":"2025-06-10","sleepWindowConfirmationType":"ENHANCED_CONFIRMED","deepSleepSeconds":6420,"lightSleepSeconds":12060,"remSleepSeconds":11280,"awakeSleepSeconds":0,"unmeasurableSeconds":0,"averageRespiration":15.0,"lowestRespiration":12.0,"highestRespiration":22.0,"retro":false},{"sleepStartTimestampGMT":"2025-06-12T03:19:00.0","sleepEndTimestampGMT":"2025-06-12T10:42:00.0","calendarDate":"2025-06-12","sleepWindowConfirmationType":"ENHANCED_CONFIRMED","deepSleepSeconds":1740,"lightSleepSeconds":16320,"remSleepSeconds":8520,"awakeSleepSeconds":0,"unmeasurableSeconds":0,"averageRespiration":15.0,"lowestRespiration":11.0,"highestRespiration":24.0,"retro":false},{"sleepStartTimestampGMT":"2025-06-16T02:48:00.0","sleepEndTimestampGMT":"2025-06-16T09:10:00.0","calendarDate":"2025-06-16","sleepWindowConfirmationType":"ENHANCED_CONFIRMED","deepSleepSeconds":4320,"lightSleepSeconds":12660,"remSleepSeconds":5880,"awakeSleepSeconds":60,"unmeasurableSeconds":0,"averageRespiration":14.0,"lowestRespiration":12.0,"highestRespiration":17.0,"retro":false},{"sleepStartTimestampGMT":"2025-06-17T02:13:00.0","sleepEndTimestampGMT":"2025-06-17T05:49:00.0","calendarDate":"2025-06-17","sleepWindowConfirmationType":"ENHANCED_CONFIRMED","deepSleepSeconds":2760,"lightSleepSeconds":6720,"remSleepSeconds":1620,"awakeSleepSeconds":1860,"unmeasurableSeconds":0,"averageRespiration":15.0,"lowestRespiration":13.0,"highestRespiration":18.0,"retro":false}]