{"id":415740659,"profileId":121376460,"displayName":"794ceac7-9a8e-4a89-89af-65337ac2ec9d","fullName":"Dvir Israel","userName":"dvir4005@gmail.com","profileImageUrlLarge":"https://s3.amazonaws.com/garmin-connect-prod/profile_images/97e23cb9-b2f0-470e-927f-1468bd958a1a-prof.png","profileImageUrlMedium":"https://s3.amazonaws.com/garmin-connect-prod/profile_images/97e23cb9-b2f0-470e-927f-1468bd958a1a-prfr.png","profileImageUrlSmall":"https://s3.amazonaws.com/garmin-connect-prod/profile_images/97e23cb9-b2f0-470e-927f-1468bd958a1a-prth.png","runningTrainingSpeed":0.0,"cyclingTrainingSpeed":0.0,"cyclingMaxAvgPower":0.0,"swimmingTrainingSpeed":0.0,"profileVisibility":"private","activityStartVisibility":"public","activityMapVisibility":"public","courseVisibility":"public","activityHeartRateVisibility":"public","activityPowerVisibility":"public","badgeVisibility":"following","showAge":false,"showWeight":false,"showHeight":false,"showWeightClass":false,"showAgeRange":false,"showGender":false,"showActivityClass":false,"showVO2Max":false,"showPersonalRecords":true,"showLast12Months":true,"showLifetimeTotals":true,"showUpcomingEvents":true,"showRecentFavorites":true,"showRecentDevice":true,"showRecentGear":false,"showBadges":true,"nameApproved":true,"makeGolfScorecardsPrivate":true,"allowGolfLiveScoring":false,"allowGolfScoringByConnections":true,"userLevel":1,"userPoint":12,"levelUpdateDate":"2024-04-03T13:06:07.0","levelIsViewed":false,"levelUpdateDateGMT":"2024-04-03T13:06:07.0","userPro":false}