[{"sleepStartTimestampGMT":"2024-04-02T19:00:00.0","sleepEndTimestampGMT":"2024-04-03T05:00:00.0","calendarDate":"2024-04-03","sleepWindowConfirmationType":"UNCONFIRMED","retro":false},{"sleepStartTimestampGMT":"2024-04-03T19:00:00.0","sleepEndTimestampGMT":"2024-04-04T05:00:00.0","calendarDate":"2024-04-04","sleepWindowConfirmationType":"UNCONFIRMED","retro":false},{"sleepStartTimestampGMT":"2024-04-04T19:00:00.0","sleepEndTimestampGMT":"2024-04-05T05:00:00.0","calendarDate":"2024-04-05","sleepWindowConfirmationType":"UNCONFIRMED","retro":false},{"sleepStartTimestampGMT":"2024-04-05T19:00:00.0","sleepEndTimestampGMT":"2024-04-06T05:00:00.0","calendarDate":"2024-04-06","sleepWindowConfirmationType":"UNCONFIRMED","retro":false},{"sleepStartTimestampGMT":"2024-04-07T23:18:00.0","sleepEndTimestampGMT":"2024-04-08T05:34:00.0","calendarDate":"2024-04-08","sleepWindowConfirmationType":"ENHANCED_CONFIRMED","deepSleepSeconds":2520,"lightSleepSeconds":10500,"remSleepSeconds":9480,"awakeSleepSeconds":60,"unmeasurableSeconds":0,"averageRespiration":16.0,"lowestRespiration":12.0,"highestRespiration":25.0,"retro":false},{"sleepStartTimestampGMT":"2024-04-22T19:00:00.0","sleepEndTimestampGMT":"2024-04-23T05:00:00.0","calendarDate":"2024-04-23","sleepWindowConfirmationType":"UNCONFIRMED","retro":false},{"sleepStartTimestampGMT":"2024-04-29T19:00:00.0","sleepEndTimestampGMT":"2024-04-30T05:00:00.0","calendarDate":"2024-04-30","sleepWindowConfirmationType":"UNCONFIRMED","retro":false},{"sleepStartTimestampGMT":"2024-05-02T19:00:00.0","sleepEndTimestampGMT":"2024-05-03T05:00:00.0","calendarDate":"2024-05-03","sleepWindowConfirmationType":"UNCONFIRMED","retro":false},{"sleepStartTimestampGMT":"2024-05-04T01:46:00.0","sleepEndTimestampGMT":"2024-05-04T08:32:00.0","calendarDate":"2024-05-04","sleepWindowConfirmationType":"AUTO_CONFIRMED","deepSleepSeconds":12960,"lightSleepSeconds":11160,"awakeSleepSeconds":240,"unmeasurableSeconds":0,"averageRespiration":15.0,"lowestRespiration":12.0,"highestRespiration":19.0,"retro":false},{"sleepStartTimestampGMT":"2024-06-23T19:00:00.0","sleepEndTimestampGMT":"2024-06-24T05:00:00.0","calendarDate":"2024-06-24","sleepWindowConfirmationType":"UNCONFIRMED","retro":false},{"sleepStartTimestampGMT":"2024-06-25T01:39:00.0","sleepEndTimestampGMT":"2024-06-25T07:59:00.0","calendarDate":"2024-06-25","sleepWindowConfirmationType":"ENHANCED_CONFIRMED_FINAL","deepSleepSeconds":3780,"lightSleepSeconds":14940,"remSleepSeconds":4080,"awakeSleepSeconds":0,"unmeasurableSeconds":0,"averageRespiration":15.0,"lowestRespiration":12.0,"highestRespiration":26.0,"retro":false},{"sleepStartTimestampGMT":"2024-06-25T23:27:00.0","sleepEndTimestampGMT":"2024-06-26T07:27:00.0","calendarDate":"2024-06-26","sleepWindowConfirmationType":"ENHANCED_CONFIRMED","deepSleepSeconds":3420,"lightSleepSeconds":14100,"remSleepSeconds":10920,"awakeSleepSeconds":360,"unmeasurableSeconds":0,"averageRespiration":14.0,"lowestRespiration":12.0,"highestRespiration":21.0,"retro":false},{"sleepStartTimestampGMT":"2024-06-29T19:00:00.0","sleepEndTimestampGMT":"2024-06-30T05:00:00.0","calendarDate":"2024-06-30","sleepWindowConfirmationType":"UNCONFIRMED","retro":false},{"sleepStartTimestampGMT":"2024-07-06T19:00:00.0","sleepEndTimestampGMT":"2024-07-07T05:00:00.0","calendarDate":"2024-07-07","sleepWindowConfirmationType":"UNCONFIRMED","retro":false},{"sleepStartTimestampGMT":"2024-07-07T19:00:00.0","sleepEndTimestampGMT":"2024-07-08T05:00:00.0","calendarDate":"2024-07-08","sleepWindowConfirmationType":"UNCONFIRMED","retro":false},{"sleepStartTimestampGMT":"2024-07-12T19:00:00.0","sleepEndTimestampGMT":"2024-07-13T05:00:00.0","calendarDate":"2024-07-13","sleepWindowConfirmationType":"UNCONFIRMED","retro":false},{"sleepStartTimestampGMT":"2024-07-13T19:00:00.0","sleepEndTimestampGMT":"2024-07-14T05:00:00.0","calendarDate":"2024-07-14","sleepWindowConfirmationType":"UNCONFIRMED","retro":false},{"sleepStartTimestampGMT":"2024-07-27T19:00:00.0","sleepEndTimestampGMT":"2024-07-28T05:00:00.0","calendarDate":"2024-07-28","sleepWindowConfirmationType":"UNCONFIRMED","retro":false},{"sleepStartTimestampGMT":"2024-08-17T19:00:00.0","sleepEndTimestampGMT":"2024-08-18T05:00:00.0","calendarDate":"2024-08-18","sleepWindowConfirmationType":"UNCONFIRMED","retro":false},{"sleepStartTimestampGMT":"2024-09-09T19:00:00.0","sleepEndTimestampGMT":"2024-09-10T05:00:00.0","calendarDate":"2024-09-10","sleepWindowConfirmationType":"UNCONFIRMED","retro":false},{"sleepStartTimestampGMT":"2024-09-11T19:00:00.0","sleepEndTimestampGMT":"2024-09-12T05:00:00.0","calendarDate":"2024-09-12","sleepWindowConfirmationType":"UNCONFIRMED","retro":false},{"sleepStartTimestampGMT":"2024-10-05T19:00:00.0","sleepEndTimestampGMT":"2024-10-06T05:00:00.0","calendarDate":"2024-10-06","sleepWindowConfirmationType":"UNCONFIRMED","retro":false},{"sleepStartTimestampGMT":"2024-10-06T19:00:00.0","sleepEndTimestampGMT":"2024-10-07T05:00:00.0","calendarDate":"2024-10-07","sleepWindowConfirmationType":"UNCONFIRMED","retro":false},{"sleepStartTimestampGMT":"2024-10-07T21:47:00.0","sleepEndTimestampGMT":"2024-10-08T05:16:00.0","calendarDate":"2024-10-08","sleepWindowConfirmationType":"OFF_WRIST","deepSleepSeconds":0,"lightSleepSeconds":0,"awakeSleepSeconds":0,"unmeasurableSeconds":0,"retro":false},{"sleepStartTimestampGMT":"2024-12-13T20:00:00.0","sleepEndTimestampGMT":"2024-12-14T06:00:00.0","calendarDate":"2024-12-14","sleepWindowConfirmationType":"UNCONFIRMED","retro":false},{"sleepStartTimestampGMT":"2024-12-14T19:02:00.0","sleepEndTimestampGMT":"2024-12-15T09:26:00.0","calendarDate":"2024-12-15","sleepWindowConfirmationType":"OFF_WRIST","deepSleepSeconds":0,"lightSleepSeconds":0,"awakeSleepSeconds":0,"unmeasurableSeconds":0,"retro":false},{"sleepStartTimestampGMT":"2024-12-15T19:02:00.0","sleepEndTimestampGMT":"2024-12-16T09:26:00.0","calendarDate":"2024-12-16","sleepWindowConfirmationType":"OFF_WRIST","deepSleepSeconds":0,"lightSleepSeconds":0,"awakeSleepSeconds":0,"unmeasurableSeconds":0,"retro":false},{"sleepStartTimestampGMT":"2024-12-16T19:02:00.0","sleepEndTimestampGMT":"2024-12-17T09:26:00.0","calendarDate":"2024-12-17","sleepWindowConfirmationType":"OFF_WRIST","deepSleepSeconds":0,"lightSleepSeconds":0,"awakeSleepSeconds":0,"unmeasurableSeconds":0,"retro":false},{"sleepStartTimestampGMT":"2024-12-17T19:02:00.0","sleepEndTimestampGMT":"2024-12-18T09:26:00.0","calendarDate":"2024-12-18","sleepWindowConfirmationType":"OFF_WRIST","deepSleepSeconds":0,"lightSleepSeconds":0,"awakeSleepSeconds":0,"unmeasurableSeconds":0,"retro":false},{"sleepStartTimestampGMT":"2024-12-18T19:02:00.0","sleepEndTimestampGMT":"2024-12-19T09:21:00.0","calendarDate":"2024-12-19","sleepWindowConfirmationType":"OFF_WRIST","deepSleepSeconds":0,"lightSleepSeconds":0,"awakeSleepSeconds":0,"unmeasurableSeconds":0,"retro":false},{"sleepStartTimestampGMT":"2024-12-19T19:02:00.0","sleepEndTimestampGMT":"2024-12-20T09:26:00.0","calendarDate":"2024-12-20","sleepWindowConfirmationType":"OFF_WRIST","deepSleepSeconds":0,"lightSleepSeconds":0,"awakeSleepSeconds":0,"unmeasurableSeconds":0,"retro":false},{"sleepStartTimestampGMT":"2024-12-20T19:02:00.0","sleepEndTimestampGMT":"2024-12-21T09:26:00.0","calendarDate":"2024-12-21","sleepWindowConfirmationType":"OFF_WRIST","deepSleepSeconds":0,"lightSleepSeconds":0,"awakeSleepSeconds":0,"unmeasurableSeconds":0,"retro":false},{"sleepStartTimestampGMT":"2024-12-21T19:02:00.0","sleepEndTimestampGMT":"2024-12-22T09:26:00.0","calendarDate":"2024-12-22","sleepWindowConfirmationType":"OFF_WRIST","deepSleepSeconds":0,"lightSleepSeconds":0,"awakeSleepSeconds":0,"unmeasurableSeconds":0,"retro":false},{"sleepStartTimestampGMT":"2024-12-22T18:52:00.0","sleepEndTimestampGMT":"2024-12-23T01:36:00.0","calendarDate":"2024-12-23","sleepWindowConfirmationType":"OFF_WRIST","deepSleepSeconds":0,"lightSleepSeconds":0,"awakeSleepSeconds":0,"unmeasurableSeconds":0,"retro":false},{"sleepStartTimestampGMT":"2025-05-08T19:00:00.0","sleepEndTimestampGMT":"2025-05-09T05:00:00.0","calendarDate":"2025-05-09","sleepWindowConfirmationType":"UNCONFIRMED","retro":false},{"sleepStartTimestampGMT":"2025-05-10T19:00:00.0","sleepEndTimestampGMT":"2025-05-11T05:00:00.0","calendarDate":"2025-05-11","sleepWindowConfirmationType":"UNCONFIRMED","retro":false},{"sleepStartTimestampGMT":"2025-05-12T00:14:00.0","sleepEndTimestampGMT":"2025-05-12T07:35:00.0","calendarDate":"2025-05-12","sleepWindowConfirmationType":"ENHANCED_CONFIRMED","deepSleepSeconds":720,"lightSleepSeconds":18420,"remSleepSeconds":7320,"awakeSleepSeconds":0,"unmeasurableSeconds":0,"averageRespiration":14.0,"lowestRespiration":12.0,"highestRespiration":20.0,"retro":false},{"sleepStartTimestampGMT":"2025-05-12T19:00:00.0","sleepEndTimestampGMT":"2025-05-13T05:00:00.0","calendarDate":"2025-05-13","sleepWindowConfirmationType":"UNCONFIRMED","retro":false},{"sleepStartTimestampGMT":"2025-05-13T23:42:00.0","sleepEndTimestampGMT":"2025-05-14T07:43:00.0","calendarDate":"2025-05-14","sleepWindowConfirmationType":"ENHANCED_CONFIRMED","deepSleepSeconds":3240,"lightSleepSeconds":16740,"remSleepSeconds":8520,"awakeSleepSeconds":360,"unmeasurableSeconds":0,"averageRespiration":14.0,"lowestRespiration":12.0,"highestRespiration":19.0,"retro":false}]