[{"userProfilePK":121376460,"calendarDate":"2025-05-11","persistedTimestampGMT":"2025-05-11T16:42:04.351","timestampLocal":"2025-05-11T19:09:51.0","hydrationSource":"GARMIN_ACTIVITY","valueInML":0.0,"activityId":19094034407,"capped":false,"estimatedSweatLossInML":180.0,"duration":1802.571044921875,"uuid":{"uuid":"bce84335-f0b8-4ef2-91be-c44265444da7"}},{"userProfilePK":121376460,"calendarDate":"2025-05-13","persistedTimestampGMT":"2025-05-13T22:44:15.932","timestampLocal":"2025-05-13T20:16:36.0","hydrationSource":"GARMIN_ACTIVITY","valueInML":0.0,"activityId":19116857019,"capped":false,"estimatedSweatLossInML":205.0,"duration":2059.092041015625,"uuid":{"uuid":"290bd2e0-9a7e-4324-bbf8-0fb195f04f42"}},{"userProfilePK":121376460,"calendarDate":"2025-05-15","persistedTimestampGMT":"2025-05-18T15:21:41.264","timestampLocal":"2025-05-15T19:52:29.0","hydrationSource":"GARMIN_ACTIVITY","valueInML":0.0,"activityId":19163570937,"capped":false,"estimatedSweatLossInML":197.0,"duration":1980.553955078125,"uuid":{"uuid":"adb93af1-b128-4323-bf43-918032889c79"}},{"userProfilePK":121376460,"calendarDate":"2025-05-18","persistedTimestampGMT":"2025-05-18T15:21:47.711","timestampLocal":"2025-05-18T18:01:00.0","hydrationSource":"GARMIN_ACTIVITY","valueInML":0.0,"activityId":19163572121,"capped":false,"estimatedSweatLossInML":120.0,"duration":1201.3890380859375,"uuid":{"uuid":"acb42020-9f12-427d-b748-f7e03de1d5f9"}},{"userProfilePK":121376460,"calendarDate":"2025-06-08","persistedTimestampGMT":"2025-06-08T16:22:39.535","timestampLocal":"2025-06-08T18:46:25.0","hydrationSource":"GARMIN_ACTIVITY","valueInML":0.0,"activityId":19371562759,"capped":false,"estimatedSweatLossInML":211.0,"duration":2115.610107421875,"uuid":{"uuid":"e7d343e4-b557-4da9-a284-3027f3926e7a"}}]