[{"userProfilePK":121376460,"calendarDate":"2024-09-10","uuid":"51b09a8cbc0a4cb1b99e12da4961d653","durationInMilliseconds":82740000,"totalKilocalories":2990.0,"activeKilocalories":466.0,"bmrKilocalories":2524.0,"wellnessKilocalories":2990.0,"wellnessTotalKilocalories":2990.0,"wellnessActiveKilocalories":466.0,"totalSteps":6673,"dailyStepGoal":10890,"totalDistanceMeters":7409,"wellnessDistanceMeters":7409,"wellnessStartTimeGmt":"2024-09-09T21:00:00.0","wellnessEndTimeGmt":"2024-09-10T19:59:00.0","wellnessStartTimeLocal":"2024-09-10T00:00:00.0","wellnessEndTimeLocal":"2024-09-10T22:59:00.0","highlyActiveSeconds":1732,"activeSeconds":1450,"moderateIntensityMinutes":28,"vigorousIntensityMinutes":17,"isVigorousDay":false,"userIntensityMinutesGoal":150,"userFloorsAscendedGoal":10,"minHeartRate":63,"maxHeartRate":162,"restingHeartRate":85,"currentDayRestingHeartRate":128,"restingHeartRateTimestamp":1725998340000,"includesWellnessData":true,"includesActivityData":false,"includesCalorieConsumedData":false,"includesSingleMeasurement":false,"includesContinuousMeasurement":false,"includesAllDayPulseOx":false,"includesSleepPulseOx":false,"source":0,"allDayStress":{"userProfilePK":121376460,"calendarDate":"2024-09-10","aggregatorList":[{"type":"TOTAL","averageStressLevel":-1,"averageStressLevelIntensity":-1,"stressOffWristCount":2,"stressTooActiveCount":22,"totalStressCount":24,"activityDuration":1320,"uncategorizedDuration":120,"totalDuration":1440},{"type":"AWAKE","averageStressLevel":-1,"averageStressLevelIntensity":-1,"stressOffWristCount":2,"stressTooActiveCount":22,"totalStressCount":24,"activityDuration":1320,"uncategorizedDuration":120,"totalDuration":1440},{"type":"ASLEEP","averageStressLevel":-2,"averageStressLevelIntensity":-2}]},"bodyBattery":{"userProfilePK":121376460,"calendarDate":"2024-09-10","chargedValue":0,"drainedValue":1,"bodyBatteryVersion":2.0,"bodyBatteryStatList":[{"bodyBatteryStatType":"HIGHEST","statsValue":15,"bodyBatteryStatus":"MEASURED","statTimestamp":"2024-09-10T19:36:00.0"},{"bodyBatteryStatType":"LOWEST","statsValue":14,"bodyBatteryStatus":"MEASURED","statTimestamp":"2024-09-10T19:49:00.0"},{"bodyBatteryStatType":"MOSTRECENT","statsValue":14,"bodyBatteryStatus":"MEASURED","statTimestamp":"2024-09-10T19:59:00.0"},{"bodyBatteryStatType":"STARTOFDAY","statsValue":15,"bodyBatteryStatus":"MEASURED","statTimestamp":"2024-09-10T19:36:00.0"}]},"minAvgHeartRate":63,"maxAvgHeartRate":160,"version":82740000},{"userProfilePK":121376460,"calendarDate":"2024-09-12","uuid":"f0314b519db249b49d41fc5941257647","durationInMilliseconds":83280000,"totalKilocalories":3068.0,"activeKilocalories":528.0,"bmrKilocalories":2540.0,"wellnessKilocalories":3068.0,"wellnessTotalKilocalories":3068.0,"wellnessActiveKilocalories":528.0,"totalSteps":7864,"dailyStepGoal":10890,"totalDistanceMeters":8642,"wellnessDistanceMeters":8642,"wellnessStartTimeGmt":"2024-09-11T21:00:00.0","wellnessEndTimeGmt":"2024-09-12T20:08:00.0","wellnessStartTimeLocal":"2024-09-12T00:00:00.0","wellnessEndTimeLocal":"2024-09-12T23:08:00.0","highlyActiveSeconds":2160,"activeSeconds":2423,"moderateIntensityMinutes":6,"vigorousIntensityMinutes":29,"isVigorousDay":true,"userIntensityMinutesGoal":150,"userFloorsAscendedGoal":10,"minHeartRate":74,"maxHeartRate":147,"restingHeartRate":86,"currentDayRestingHeartRate":113,"restingHeartRateTimestamp":1726171680000,"includesWellnessData":true,"includesActivityData":false,"includesCalorieConsumedData":false,"includesSingleMeasurement":false,"includesContinuousMeasurement":false,"includesAllDayPulseOx":false,"includesSleepPulseOx":false,"source":0,"allDayStress":{"userProfilePK":121376460,"calendarDate":"2024-09-12","aggregatorList":[{"type":"TOTAL","averageStressLevel":-1,"averageStressLevelIntensity":-1,"stressOffWristCount":11,"stressTooActiveCount":68,"totalStressCount":79,"activityDuration":4080,"uncategorizedDuration":660,"totalDuration":4740},{"type":"AWAKE","averageStressLevel":-1,"averageStressLevelIntensity":-1,"stressOffWristCount":11,"stressTooActiveCount":68,"totalStressCount":79,"activityDuration":4080,"uncategorizedDuration":660,"totalDuration":4740},{"type":"ASLEEP","averageStressLevel":-2,"averageStressLevelIntensity":-2}]},"bodyBattery":{"userProfilePK":121376460,"calendarDate":"2024-09-12","chargedValue":0,"drainedValue":11,"bodyBatteryVersion":2.0,"bodyBatteryStatList":[{"bodyBatteryStatType":"HIGHEST","statsValue":24,"bodyBatteryStatus":"RESET","statTimestamp":"2024-09-12T18:50:00.0"},{"bodyBatteryStatType":"LOWEST","statsValue":13,"bodyBatteryStatus":"MEASURED","statTimestamp":"2024-09-12T19:46:00.0"},{"bodyBatteryStatType":"MOSTRECENT","statsValue":13,"bodyBatteryStatus":"MEASURED","statTimestamp":"2024-09-12T20:08:00.0"},{"bodyBatteryStatType":"STARTOFDAY","statsValue":24,"bodyBatteryStatus":"RESET","statTimestamp":"2024-09-12T18:50:00.0"}]},"minAvgHeartRate":80,"maxAvgHeartRate":143,"version":83280000,"respiration":{"userProfilePK":121376460,"calendarDate":"2024-09-12","avgWakingRespirationValue":18.0,"highestRespirationValue":20.0,"lowestRespirationValue":16.0,"latestRespirationValue":19.0,"latestRespirationTimeGMT":"2024-09-12T19:34:00.0","algorithmVersion":100}},{"userProfilePK":121376460,"calendarDate":"2024-10-06","uuid":"472395f62bf34e369e697c89099180a2","durationInMilliseconds":77400000,"totalKilocalories":2705.0,"activeKilocalories":344.0,"bmrKilocalories":2361.0,"wellnessKilocalories":2705.0,"wellnessTotalKilocalories":2705.0,"wellnessActiveKilocalories":344.0,"totalSteps":4377,"dailyStepGoal":10890,"totalDistanceMeters":5092,"wellnessDistanceMeters":5092,"wellnessStartTimeGmt":"2024-10-05T21:00:00.0","wellnessEndTimeGmt":"2024-10-06T18:30:00.0","wellnessStartTimeLocal":"2024-10-06T00:00:00.0","wellnessEndTimeLocal":"2024-10-06T21:30:00.0","highlyActiveSeconds":1740,"activeSeconds":568,"moderateIntensityMinutes":6,"vigorousIntensityMinutes":24,"isVigorousDay":true,"userIntensityMinutesGoal":150,"userFloorsAscendedGoal":10,"minHeartRate":69,"maxHeartRate":147,"restingHeartRate":98,"currentDayRestingHeartRate":124,"restingHeartRateTimestamp":1728239400000,"includesWellnessData":true,"includesActivityData":false,"includesCalorieConsumedData":false,"includesSingleMeasurement":false,"includesContinuousMeasurement":false,"includesAllDayPulseOx":false,"includesSleepPulseOx":false,"source":0,"allDayStress":{"userProfilePK":121376460,"calendarDate":"2024-10-06","aggregatorList":[{"type":"TOTAL","averageStressLevel":-1,"averageStressLevelIntensity":-1,"stressOffWristCount":3,"stressTooActiveCount":34,"totalStressCount":37,"activityDuration":2040,"uncategorizedDuration":180,"totalDuration":2220},{"type":"AWAKE","averageStressLevel":-1,"averageStressLevelIntensity":-1,"stressOffWristCount":3,"stressTooActiveCount":34,"totalStressCount":37,"activityDuration":2040,"uncategorizedDuration":180,"totalDuration":2220},{"type":"ASLEEP","averageStressLevel":-2,"averageStressLevelIntensity":-2}]},"bodyBattery":{"userProfilePK":121376460,"calendarDate":"2024-10-06","chargedValue":0,"drainedValue":9,"bodyBatteryVersion":2.0,"bodyBatteryStatList":[{"bodyBatteryStatType":"HIGHEST","statsValue":27,"bodyBatteryStatus":"RESET","statTimestamp":"2024-10-06T17:54:00.0"},{"bodyBatteryStatType":"LOWEST","statsValue":18,"bodyBatteryStatus":"MEASURED","statTimestamp":"2024-10-06T18:30:00.0"},{"bodyBatteryStatType":"MOSTRECENT","statsValue":18,"bodyBatteryStatus":"MEASURED","statTimestamp":"2024-10-06T18:30:00.0"},{"bodyBatteryStatType":"STARTOFDAY","statsValue":27,"bodyBatteryStatus":"RESET","statTimestamp":"2024-10-06T17:54:00.0"}]},"minAvgHeartRate":69,"maxAvgHeartRate":147,"version":77400000},{"userProfilePK":121376460,"calendarDate":"2024-10-07","uuid":"17c5eb8003f641afb84cb65c967f5197","durationInMilliseconds":86400000,"totalKilocalories":2724.0,"activeKilocalories":88.0,"bmrKilocalories":2636.0,"wellnessKilocalories":2724.0,"wellnessTotalKilocalories":2724.0,"wellnessActiveKilocalories":88.0,"totalSteps":1362,"dailyStepGoal":10890,"totalDistanceMeters":1602,"wellnessDistanceMeters":1602,"wellnessStartTimeGmt":"2024-10-06T21:00:00.0","wellnessEndTimeGmt":"2024-10-07T21:00:00.0","wellnessStartTimeLocal":"2024-10-07T00:00:00.0","wellnessEndTimeLocal":"2024-10-08T00:00:00.0","highlyActiveSeconds":480,"activeSeconds":238,"moderateIntensityMinutes":1,"vigorousIntensityMinutes":5,"isVigorousDay":false,"userIntensityMinutesGoal":150,"userFloorsAscendedGoal":10,"minHeartRate":69,"maxHeartRate":133,"includesWellnessData":true,"includesActivityData":false,"includesCalorieConsumedData":false,"includesSingleMeasurement":false,"includesContinuousMeasurement":false,"includesAllDayPulseOx":false,"includesSleepPulseOx":false,"source":0,"allDayStress":{"userProfilePK":121376460,"calendarDate":"2024-10-07","aggregatorList":[{"type":"TOTAL","averageStressLevel":-2,"averageStressLevelIntensity":-2,"stressTooActiveCount":12,"totalStressCount":12,"activityDuration":720,"totalDuration":720},{"type":"AWAKE","averageStressLevel":-2,"averageStressLevelIntensity":-2,"stressTooActiveCount":12,"totalStressCount":12,"activityDuration":720,"totalDuration":720},{"type":"ASLEEP","averageStressLevel":-2,"averageStressLevelIntensity":-2}]},"bodyBattery":{"userProfilePK":121376460,"calendarDate":"2024-10-07","chargedValue":0,"drainedValue":1,"bodyBatteryVersion":2.0,"bodyBatteryStatList":[{"bodyBatteryStatType":"HIGHEST","statsValue":18,"bodyBatteryStatus":"RESET","statTimestamp":"2024-10-07T20:49:00.0"},{"bodyBatteryStatType":"LOWEST","statsValue":17,"bodyBatteryStatus":"MEASURED","statTimestamp":"2024-10-07T20:57:00.0"},{"bodyBatteryStatType":"MOSTRECENT","statsValue":17,"bodyBatteryStatus":"MEASURED","statTimestamp":"2024-10-07T21:00:00.0"},{"bodyBatteryStatType":"ENDOFDAY","statsValue":17,"bodyBatteryStatus":"MEASURED","statTimestamp":"2024-10-07T21:00:00.0"},{"bodyBatteryStatType":"STARTOFDAY","statsValue":18,"bodyBatteryStatus":"RESET","statTimestamp":"2024-10-07T20:49:00.0"}]},"minAvgHeartRate":79,"maxAvgHeartRate":122,"version":1},{"userProfilePK":121376460,"calendarDate":"2024-10-08","uuid":"d074ece683c148178c270caacdbb3e69","durationInMilliseconds":31020000,"totalKilocalories":1176.0,"activeKilocalories":230.0,"bmrKilocalories":946.0,"wellnessKilocalories":1176.0,"wellnessTotalKilocalories":1176.0,"wellnessActiveKilocalories":230.0,"totalSteps":2546,"dailyStepGoal":8990,"totalDistanceMeters":3218,"wellnessDistanceMeters":3218,"wellnessStartTimeGmt":"2024-10-07T21:00:00.0","wellnessEndTimeGmt":"2024-10-08T05:37:00.0","wellnessStartTimeLocal":"2024-10-08T00:00:00.0","wellnessEndTimeLocal":"2024-10-08T08:37:00.0","highlyActiveSeconds":1080,"activeSeconds":60,"moderateIntensityMinutes":3,"vigorousIntensityMinutes":17,"isVigorousDay":true,"userIntensityMinutesGoal":150,"userFloorsAscendedGoal":10,"minHeartRate":124,"maxHeartRate":163,"restingHeartRate":99,"currentDayRestingHeartRate":128,"restingHeartRateTimestamp":1728336000000,"includesWellnessData":true,"includesActivityData":false,"includesCalorieConsumedData":false,"includesSingleMeasurement":false,"includesContinuousMeasurement":false,"includesAllDayPulseOx":false,"includesSleepPulseOx":false,"source":0,"allDayStress":{"userProfilePK":121376460,"calendarDate":"2024-10-08","aggregatorList":[{"type":"TOTAL","averageStressLevel":-1,"averageStressLevelIntensity":-1,"stressOffWristCount":1,"stressTooActiveCount":505,"totalStressCount":506,"activityDuration":30300,"uncategorizedDuration":60,"totalDuration":30360},{"type":"AWAKE","averageStressLevel":-1,"averageStressLevelIntensity":-1,"stressOffWristCount":1,"stressTooActiveCount":505,"totalStressCount":506,"activityDuration":30300,"uncategorizedDuration":60,"totalDuration":30360},{"type":"ASLEEP","averageStressLevel":-2,"averageStressLevelIntensity":-2}]},"bodyBattery":{"userProfilePK":121376460,"calendarDate":"2024-10-08","chargedValue":0,"drainedValue":5,"bodyBatteryVersion":2.0,"bodyBatteryStatList":[{"bodyBatteryStatType":"HIGHEST","statsValue":16,"bodyBatteryStatus":"MEASURED","statTimestamp":"2024-10-07T21:01:00.0"},{"bodyBatteryStatType":"LOWEST","statsValue":11,"bodyBatteryStatus":"MEASURED","statTimestamp":"2024-10-07T21:20:00.0"},{"bodyBatteryStatType":"MOSTRECENT","statsValue":11,"bodyBatteryStatus":"MEASURED","statTimestamp":"2024-10-07T21:20:00.0"},{"bodyBatteryStatType":"STARTOFDAY","statsValue":16,"bodyBatteryStatus":"MEASURED","statTimestamp":"2024-10-07T21:01:00.0"}]},"minAvgHeartRate":124,"maxAvgHeartRate":163,"version":31020000}]