[{"userProfilePK":121376460,"calendarDate":"2024-04-03","uuid":"4824f93ce8684c01ab08cf68b8f0b656","durationInMilliseconds":76680000,"totalKilocalories":2339.0,"activeKilocalories":0.0,"bmrKilocalories":2339.0,"wellnessKilocalories":2339.0,"remainingKilocalories":2339.0,"wellnessTotalKilocalories":2339.0,"wellnessActiveKilocalories":0.0,"dailyStepGoal":10000,"wellnessStartTimeGmt":"2024-04-02T21:00:00.0","wellnessEndTimeGmt":"2024-04-03T18:18:00.0","wellnessStartTimeLocal":"2024-04-03T00:00:00.0","wellnessEndTimeLocal":"2024-04-03T21:18:00.0","highlyActiveSeconds":0,"activeSeconds":0,"moderateIntensityMinutes":0,"vigorousIntensityMinutes":0,"isVigorousDay":false,"userIntensityMinutesGoal":150,"userFloorsAscendedGoal":10,"includesWellnessData":true,"includesActivityData":false,"includesCalorieConsumedData":false,"includesSingleMeasurement":false,"includesContinuousMeasurement":false,"includesAllDayPulseOx":false,"includesSleepPulseOx":false,"source":0,"allDayStress":{"userProfilePK":121376460,"calendarDate":"2024-04-03","aggregatorList":[{"type":"TOTAL","averageStressLevel":72,"averageStressLevelIntensity":71,"maxStressLevel":72,"stressIntensityCount":1,"totalStressCount":1,"totalStressIntensity":-62,"stressDuration":60,"totalDuration":60,"mediumDuration":60},{"type":"AWAKE","averageStressLevel":72,"averageStressLevelIntensity":71,"maxStressLevel":72,"stressIntensityCount":1,"totalStressCount":1,"totalStressIntensity":-62,"stressDuration":60,"totalDuration":60,"mediumDuration":60},{"type":"ASLEEP","averageStressLevel":-2,"averageStressLevelIntensity":-2}]},"bodyBattery":{"userProfilePK":121376460,"calendarDate":"2024-04-03","bodyBatteryVersion":2.0,"bodyBatteryStatList":[{"bodyBatteryStatType":"HIGHEST","statsValue":26,"bodyBatteryStatus":"MEASURED","statTimestamp":"2024-04-03T18:18:00.0"},{"bodyBatteryStatType":"LOWEST","statsValue":26,"bodyBatteryStatus":"MEASURED","statTimestamp":"2024-04-03T18:18:00.0"},{"bodyBatteryStatType":"MOSTRECENT","statsValue":26,"bodyBatteryStatus":"MEASURED","statTimestamp":"2024-04-03T18:18:00.0"},{"bodyBatteryStatType":"ENDOFDAY","statsValue":26,"bodyBatteryStatus":"MEASURED","statTimestamp":"2024-04-03T18:18:00.0"},{"bodyBatteryStatType":"STARTOFDAY","statsValue":26,"bodyBatteryStatus":"MEASURED","statTimestamp":"2024-04-03T18:18:00.0"}]},"version":76680000,"respiration":{"userProfilePK":121376460,"calendarDate":"2024-04-03","avgWakingRespirationValue":14.0,"highestRespirationValue":14.0,"lowestRespirationValue":14.0,"latestRespirationValue":14.0,"latestRespirationTimeGMT":"2024-04-03T18:18:00.0"}},{"userProfilePK":121376460,"calendarDate":"2024-04-04","uuid":"d3ad94c21ab94aabb31cb0427b5c2abd","durationInMilliseconds":59160000,"totalKilocalories":2087.0,"activeKilocalories":283.0,"bmrKilocalories":1804.0,"wellnessKilocalories":2087.0,"remainingKilocalories":2087.0,"wellnessTotalKilocalories":2087.0,"wellnessActiveKilocalories":283.0,"totalSteps":5603,"dailyStepGoal":10000,"totalDistanceMeters":4818,"wellnessDistanceMeters":4818,"wellnessStartTimeGmt":"2024-04-03T21:00:00.0","wellnessEndTimeGmt":"2024-04-04T13:26:00.0","wellnessStartTimeLocal":"2024-04-04T00:00:00.0","wellnessEndTimeLocal":"2024-04-04T16:26:00.0","highlyActiveSeconds":0,"activeSeconds":3481,"moderateIntensityMinutes":0,"vigorousIntensityMinutes":0,"isVigorousDay":false,"userIntensityMinutesGoal":150,"userFloorsAscendedGoal":10,"minHeartRate":92,"maxHeartRate":121,"restingHeartRate":105,"currentDayRestingHeartRate":105,"restingHeartRateTimestamp":1712237160000,"includesWellnessData":true,"includesActivityData":false,"includesCalorieConsumedData":false,"includesSingleMeasurement":false,"includesContinuousMeasurement":false,"includesAllDayPulseOx":false,"includesSleepPulseOx":false,"source":0,"allDayStress":{"userProfilePK":121376460,"calendarDate":"2024-04-04","aggregatorList":[{"type":"TOTAL","averageStressLevel":-1,"averageStressLevelIntensity":-1,"stressOffWristCount":2,"stressTooActiveCount":57,"totalStressCount":59,"activityDuration":3420,"uncategorizedDuration":120,"totalDuration":3540},{"type":"AWAKE","averageStressLevel":-1,"averageStressLevelIntensity":-1,"stressOffWristCount":2,"stressTooActiveCount":57,"totalStressCount":59,"activityDuration":3420,"uncategorizedDuration":120,"totalDuration":3540},{"type":"ASLEEP","averageStressLevel":-2,"averageStressLevelIntensity":-2}]},"bodyBattery":{"userProfilePK":121376460,"calendarDate":"2024-04-04","chargedValue":0,"drainedValue":4,"bodyBatteryVersion":2.0,"bodyBatteryStatList":[{"bodyBatteryStatType":"HIGHEST","statsValue":48,"bodyBatteryStatus":"RESET","statTimestamp":"2024-04-04T12:30:00.0"},{"bodyBatteryStatType":"LOWEST","statsValue":44,"bodyBatteryStatus":"MEASURED","statTimestamp":"2024-04-04T13:18:00.0"},{"bodyBatteryStatType":"MOSTRECENT","statsValue":44,"bodyBatteryStatus":"MEASURED","statTimestamp":"2024-04-04T13:26:00.0"},{"bodyBatteryStatType":"ENDOFDAY","statsValue":44,"bodyBatteryStatus":"MEASURED","statTimestamp":"2024-04-04T13:26:00.0"},{"bodyBatteryStatType":"STARTOFDAY","statsValue":48,"bodyBatteryStatus":"RESET","statTimestamp":"2024-04-04T12:30:00.0"}]},"minAvgHeartRate":92,"maxAvgHeartRate":120,"version":59160000},{"userProfilePK":121376460,"calendarDate":"2024-04-05","uuid":"b0e7f696062a40b0853a9d454b882145","durationInMilliseconds":66180000,"totalKilocalories":2019.0,"activeKilocalories":0.0,"bmrKilocalories":2019.0,"wellnessKilocalories":2019.0,"remainingKilocalories":2019.0,"wellnessTotalKilocalories":2019.0,"wellnessActiveKilocalories":0.0,"totalSteps":11,"dailyStepGoal":10000,"totalDistanceMeters":9,"wellnessDistanceMeters":9,"wellnessStartTimeGmt":"2024-04-04T21:00:00.0","wellnessEndTimeGmt":"2024-04-05T15:23:00.0","wellnessStartTimeLocal":"2024-04-05T00:00:00.0","wellnessEndTimeLocal":"2024-04-05T18:23:00.0","highlyActiveSeconds":0,"activeSeconds":17,"moderateIntensityMinutes":0,"vigorousIntensityMinutes":0,"isVigorousDay":false,"userIntensityMinutesGoal":150,"userFloorsAscendedGoal":10,"minHeartRate":82,"maxHeartRate":91,"includesWellnessData":true,"includesActivityData":false,"includesCalorieConsumedData":false,"includesSingleMeasurement":false,"includesContinuousMeasurement":false,"includesAllDayPulseOx":false,"includesSleepPulseOx":false,"source":0,"allDayStress":{"userProfilePK":121376460,"calendarDate":"2024-04-05","aggregatorList":[{"type":"TOTAL","averageStressLevel":58,"averageStressLevelIntensity":58,"maxStressLevel":66,"stressIntensityCount":6,"totalStressCount":6,"totalStressIntensity":-263,"stressDuration":360,"totalDuration":360,"lowDuration":60,"mediumDuration":300},{"type":"AWAKE","averageStressLevel":58,"averageStressLevelIntensity":58,"maxStressLevel":66,"stressIntensityCount":6,"totalStressCount":6,"totalStressIntensity":-263,"stressDuration":360,"totalDuration":360,"lowDuration":60,"mediumDuration":300},{"type":"ASLEEP","averageStressLevel":-2,"averageStressLevelIntensity":-2}]},"bodyBattery":{"userProfilePK":121376460,"calendarDate":"2024-04-05","chargedValue":0,"drainedValue":0,"bodyBatteryVersion":2.0,"bodyBatteryStatList":[{"bodyBatteryStatType":"HIGHEST","statsValue":37,"bodyBatteryStatus":"RESET","statTimestamp":"2024-04-05T15:17:00.0"},{"bodyBatteryStatType":"LOWEST","statsValue":37,"bodyBatteryStatus":"RESET","statTimestamp":"2024-04-05T15:17:00.0"},{"bodyBatteryStatType":"MOSTRECENT","statsValue":37,"bodyBatteryStatus":"MEASURED","statTimestamp":"2024-04-05T15:23:00.0"},{"bodyBatteryStatType":"ENDOFDAY","statsValue":37,"bodyBatteryStatus":"MEASURED","statTimestamp":"2024-04-05T15:23:00.0"},{"bodyBatteryStatType":"STARTOFDAY","statsValue":37,"bodyBatteryStatus":"RESET","statTimestamp":"2024-04-05T15:17:00.0"}]},"minAvgHeartRate":82,"maxAvgHeartRate":89,"version":66180000,"respiration":{"userProfilePK":121376460,"calendarDate":"2024-04-05","avgWakingRespirationValue":15.0,"highestRespirationValue":15.0,"lowestRespirationValue":14.0,"latestRespirationValue":15.0,"latestRespirationTimeGMT":"2024-04-05T15:23:00.0"}},{"userProfilePK":121376460,"calendarDate":"2024-04-06","uuid":"d6309fa29ad547bf8015c3b0ae5a3f8b","durationInMilliseconds":53580000,"totalKilocalories":2592.0,"activeKilocalories":958.0,"bmrKilocalories":1634.0,"wellnessKilocalories":2592.0,"remainingKilocalories":2592.0,"wellnessTotalKilocalories":2592.0,"wellnessActiveKilocalories":958.0,"totalSteps":21206,"dailyStepGoal":10000,"totalDistanceMeters":18298,"wellnessDistanceMeters":18298,"wellnessStartTimeGmt":"2024-04-05T21:00:00.0","wellnessEndTimeGmt":"2024-04-06T11:53:00.0","wellnessStartTimeLocal":"2024-04-06T00:00:00.0","wellnessEndTimeLocal":"2024-04-06T14:53:00.0","highlyActiveSeconds":60,"activeSeconds":12851,"moderateIntensityMinutes":13,"vigorousIntensityMinutes":1,"isVigorousDay":false,"userIntensityMinutesGoal":150,"userFloorsAscendedGoal":10,"minHeartRate":81,"maxHeartRate":130,"restingHeartRate":104,"currentDayRestingHeartRate":103,"restingHeartRateTimestamp":1712404380000,"includesWellnessData":true,"includesActivityData":false,"includesCalorieConsumedData":false,"includesSingleMeasurement":false,"includesContinuousMeasurement":false,"includesAllDayPulseOx":false,"includesSleepPulseOx":false,"source":0,"allDayStress":{"userProfilePK":121376460,"calendarDate":"2024-04-06","aggregatorList":[{"type":"TOTAL","averageStressLevel":83,"averageStressLevelIntensity":82,"maxStressLevel":94,"stressIntensityCount":26,"stressOffWristCount":5,"stressTooActiveCount":210,"totalStressCount":241,"totalStressIntensity":-2013,"stressDuration":1560,"activityDuration":12600,"uncategorizedDuration":300,"totalDuration":14460,"mediumDuration":60,"highDuration":1500},{"type":"AWAKE","averageStressLevel":83,"averageStressLevelIntensity":82,"maxStressLevel":94,"stressIntensityCount":26,"stressOffWristCount":5,"stressTooActiveCount":210,"totalStressCount":241,"totalStressIntensity":-2013,"stressDuration":1560,"activityDuration":12600,"uncategorizedDuration":300,"totalDuration":14460,"mediumDuration":60,"highDuration":1500},{"type":"ASLEEP","averageStressLevel":-2,"averageStressLevelIntensity":-2}]},"bodyBattery":{"userProfilePK":121376460,"calendarDate":"2024-04-06","chargedValue":0,"drainedValue":28,"bodyBatteryVersion":2.0,"bodyBatteryStatList":[{"bodyBatteryStatType":"HIGHEST","statsValue":72,"bodyBatteryStatus":"RESET","statTimestamp":"2024-04-06T07:51:00.0"},{"bodyBatteryStatType":"LOWEST","statsValue":44,"bodyBatteryStatus":"MEASURED","statTimestamp":"2024-04-06T11:46:00.0"},{"bodyBatteryStatType":"MOSTRECENT","statsValue":44,"bodyBatteryStatus":"MEASURED","statTimestamp":"2024-04-06T11:53:00.0"},{"bodyBatteryStatType":"ENDOFDAY","statsValue":44,"bodyBatteryStatus":"MEASURED","statTimestamp":"2024-04-06T11:53:00.0"},{"bodyBatteryStatType":"STARTOFDAY","statsValue":72,"bodyBatteryStatus":"RESET","statTimestamp":"2024-04-06T07:51:00.0"}]},"minAvgHeartRate":81,"maxAvgHeartRate":128,"version":53580000,"respiration":{"userProfilePK":121376460,"calendarDate":"2024-04-06","avgWakingRespirationValue":15.0,"highestRespirationValue":20.0,"lowestRespirationValue":12.0,"latestRespirationValue":20.0,"latestRespirationTimeGMT":"2024-04-06T11:00:00.0"}},{"userProfilePK":121376460,"calendarDate":"2024-04-07","uuid":"7fe8ad888f2240eeb5129fffcbec32a0","durationInMilliseconds":0,"includesWellnessData":false,"includesActivityData":false,"includesCalorieConsumedData":false,"allDayStress":{},"version":0},{"userProfilePK":121376460,"calendarDate":"2024-04-08","uuid":"889dd38345f446469546c9e69d4ae841","durationInMilliseconds":33300000,"totalKilocalories":1026.0,"activeKilocalories":11.0,"bmrKilocalories":1015.0,"wellnessKilocalories":1026.0,"remainingKilocalories":1026.0,"wellnessTotalKilocalories":1026.0,"wellnessActiveKilocalories":11.0,"totalSteps":142,"dailyStepGoal":11120,"totalDistanceMeters":122,"wellnessDistanceMeters":122,"wellnessStartTimeGmt":"2024-04-07T21:00:00.0","wellnessEndTimeGmt":"2024-04-08T06:15:00.0","wellnessStartTimeLocal":"2024-04-08T00:00:00.0","wellnessEndTimeLocal":"2024-04-08T09:15:00.0","highlyActiveSeconds":240,"activeSeconds":120,"moderateIntensityMinutes":0,"vigorousIntensityMinutes":0,"isVigorousDay":false,"userIntensityMinutesGoal":150,"userFloorsAscendedGoal":10,"minHeartRate":52,"maxHeartRate":102,"restingHeartRate":87,"currentDayRestingHeartRate":53,"restingHeartRateTimestamp":1712556900000,"includesWellnessData":true,"includesActivityData":false,"includesCalorieConsumedData":false,"includesSingleMeasurement":false,"includesContinuousMeasurement":false,"includesAllDayPulseOx":false,"includesSleepPulseOx":false,"source":0,"allDayStress":{"userProfilePK":121376460,"calendarDate":"2024-04-08","aggregatorList":[{"type":"TOTAL","averageStressLevel":16,"averageStressLevelIntensity":14,"maxStressLevel":83,"stressIntensityCount":384,"stressOffWristCount":50,"stressTooActiveCount":7,"totalStressCount":441,"totalStressIntensity":17341,"stressDuration":3180,"restDuration":19860,"activityDuration":420,"uncategorizedDuration":3000,"totalDuration":26460,"lowDuration":1860,"mediumDuration":1020,"highDuration":300},{"type":"AWAKE","averageStressLevel":46,"averageStressLevelIntensity":43,"maxStressLevel":83,"stressIntensityCount":48,"stressOffWristCount":9,"stressTooActiveCount":7,"totalStressCount":64,"totalStressIntensity":-1174,"stressDuration":2340,"restDuration":540,"activityDuration":420,"uncategorizedDuration":540,"totalDuration":3840,"lowDuration":1080,"mediumDuration":960,"highDuration":300},{"type":"ASLEEP","averageStressLevel":12,"averageStressLevelIntensity":12,"maxStressLevel":51,"stressIntensityCount":336,"stressOffWristCount":41,"totalStressCount":377,"totalStressIntensity":18515,"stressDuration":840,"restDuration":19320,"uncategorizedDuration":2460,"totalDuration":22620,"lowDuration":780,"mediumDuration":60}]},"bodyBattery":{"userProfilePK":121376460,"calendarDate":"2024-04-08","chargedValue":54,"drainedValue":6,"bodyBatteryVersion":2.0,"bodyBatteryStatList":[{"bodyBatteryStatType":"HIGHEST","statsValue":90,"bodyBatteryStatus":"MEASURED","statTimestamp":"2024-04-08T04:54:00.0"},{"bodyBatteryStatType":"LOWEST","statsValue":36,"bodyBatteryStatus":"MEASURED","statTimestamp":"2024-04-07T23:00:00.0"},{"bodyBatteryStatType":"MOSTRECENT","statsValue":85,"bodyBatteryStatus":"MEASURED","statTimestamp":"2024-04-08T06:15:00.0"},{"bodyBatteryStatType":"ENDOFDAY","statsValue":85,"bodyBatteryStatus":"MEASURED","statTimestamp":"2024-04-08T06:15:00.0"},{"bodyBatteryStatType":"STARTOFDAY","statsValue":37,"bodyBatteryStatus":"RESET","statTimestamp":"2024-04-07T22:55:00.0"},{"bodyBatteryStatType":"DURINGSLEEP","statsValue":54,"bodyBatteryStatus":"MEASURED","statTimestamp":"2024-04-08T05:34:00.0"}]},"minAvgHeartRate":52,"maxAvgHeartRate":98,"version":33300000,"respiration":{"userProfilePK":121376460,"calendarDate":"2024-04-08","avgWakingRespirationValue":14.0,"highestRespirationValue":25.0,"lowestRespirationValue":12.0,"latestRespirationValue":13.0,"latestRespirationTimeGMT":"2024-04-08T06:15:00.0"}},{"userProfilePK":121376460,"calendarDate":"2024-04-23","uuid":"376183c3b1794034bb7b48f09676cd17","durationInMilliseconds":53160000,"totalKilocalories":1921.0,"activeKilocalories":300.0,"bmrKilocalories":1621.0,"wellnessKilocalories":1921.0,"remainingKilocalories":1921.0,"wellnessTotalKilocalories":1921.0,"wellnessActiveKilocalories":300.0,"totalSteps":7357,"dailyStepGoal":11120,"totalDistanceMeters":6326,"wellnessDistanceMeters":6326,"wellnessStartTimeGmt":"2024-04-22T21:00:00.0","wellnessEndTimeGmt":"2024-04-23T11:46:00.0","wellnessStartTimeLocal":"2024-04-23T00:00:00.0","wellnessEndTimeLocal":"2024-04-23T14:46:00.0","highlyActiveSeconds":0,"activeSeconds":4699,"moderateIntensityMinutes":0,"vigorousIntensityMinutes":0,"isVigorousDay":false,"userIntensityMinutesGoal":150,"userFloorsAscendedGoal":10,"minHeartRate":96,"maxHeartRate":121,"restingHeartRate":91,"currentDayRestingHeartRate":102,"restingHeartRateTimestamp":1713872760000,"includesWellnessData":true,"includesActivityData":false,"includesCalorieConsumedData":false,"includesSingleMeasurement":false,"includesContinuousMeasurement":false,"includesAllDayPulseOx":false,"includesSleepPulseOx":false,"source":0,"allDayStress":{"userProfilePK":121376460,"calendarDate":"2024-04-23","aggregatorList":[{"type":"TOTAL","averageStressLevel":71,"averageStressLevelIntensity":70,"maxStressLevel":71,"stressIntensityCount":1,"stressOffWristCount":1,"stressTooActiveCount":76,"totalStressCount":78,"totalStressIntensity":-61,"stressDuration":60,"activityDuration":4560,"uncategorizedDuration":60,"totalDuration":4680,"mediumDuration":60},{"type":"AWAKE","averageStressLevel":71,"averageStressLevelIntensity":70,"maxStressLevel":71,"stressIntensityCount":1,"stressOffWristCount":1,"stressTooActiveCount":76,"totalStressCount":78,"totalStressIntensity":-61,"stressDuration":60,"activityDuration":4560,"uncategorizedDuration":60,"totalDuration":4680,"mediumDuration":60},{"type":"ASLEEP","averageStressLevel":-2,"averageStressLevelIntensity":-2}]},"bodyBattery":{"userProfilePK":121376460,"calendarDate":"2024-04-23","chargedValue":0,"drainedValue":9,"bodyBatteryVersion":2.0,"bodyBatteryStatList":[{"bodyBatteryStatType":"HIGHEST","statsValue":57,"bodyBatteryStatus":"RESET","statTimestamp":"2024-04-23T10:28:00.0"},{"bodyBatteryStatType":"LOWEST","statsValue":48,"bodyBatteryStatus":"MEASURED","statTimestamp":"2024-04-23T11:42:00.0"},{"bodyBatteryStatType":"MOSTRECENT","statsValue":48,"bodyBatteryStatus":"MEASURED","statTimestamp":"2024-04-23T11:46:00.0"},{"bodyBatteryStatType":"ENDOFDAY","statsValue":48,"bodyBatteryStatus":"MEASURED","statTimestamp":"2024-04-23T11:46:00.0"},{"bodyBatteryStatType":"STARTOFDAY","statsValue":57,"bodyBatteryStatus":"RESET","statTimestamp":"2024-04-23T10:28:00.0"}]},"minAvgHeartRate":97,"maxAvgHeartRate":120,"version":53160000,"respiration":{"userProfilePK":121376460,"calendarDate":"2024-04-23","avgWakingRespirationValue":20.0,"highestRespirationValue":20.0,"lowestRespirationValue":20.0,"latestRespirationValue":20.0,"latestRespirationTimeGMT":"2024-04-23T11:46:00.0"}},{"userProfilePK":121376460,"calendarDate":"2024-04-30","uuid":"94bf41291b5f49f9838610ce646d6f2b","durationInMilliseconds":67200000,"totalKilocalories":2598.0,"activeKilocalories":548.0,"bmrKilocalories":2050.0,"wellnessKilocalories":2598.0,"remainingKilocalories":2598.0,"wellnessTotalKilocalories":2598.0,"wellnessActiveKilocalories":548.0,"totalSteps":7172,"dailyStepGoal":11120,"totalDistanceMeters":7330,"wellnessDistanceMeters":7330,"wellnessStartTimeGmt":"2024-04-29T21:00:00.0","wellnessEndTimeGmt":"2024-04-30T15:40:00.0","wellnessStartTimeLocal":"2024-04-30T00:00:00.0","wellnessEndTimeLocal":"2024-04-30T18:40:00.0","highlyActiveSeconds":1548,"activeSeconds":2473,"moderateIntensityMinutes":35,"vigorousIntensityMinutes":24,"isVigorousDay":true,"userIntensityMinutesGoal":150,"userFloorsAscendedGoal":10,"minHeartRate":72,"maxHeartRate":185,"restingHeartRate":96,"currentDayRestingHeartRate":116,"restingHeartRateTimestamp":1714491600000,"includesWellnessData":true,"includesActivityData":false,"includesCalorieConsumedData":false,"includesSingleMeasurement":false,"includesContinuousMeasurement":false,"includesAllDayPulseOx":false,"includesSleepPulseOx":false,"source":0,"allDayStress":{"userProfilePK":121376460,"calendarDate":"2024-04-30","aggregatorList":[{"type":"TOTAL","averageStressLevel":82,"averageStressLevelIntensity":81,"maxStressLevel":84,"stressIntensityCount":5,"stressOffWristCount":1,"stressTooActiveCount":64,"totalStressCount":70,"totalStressIntensity":-376,"stressDuration":300,"activityDuration":3840,"uncategorizedDuration":60,"totalDuration":4200,"highDuration":300},{"type":"AWAKE","averageStressLevel":82,"averageStressLevelIntensity":81,"maxStressLevel":84,"stressIntensityCount":5,"stressOffWristCount":1,"stressTooActiveCount":64,"totalStressCount":70,"totalStressIntensity":-376,"stressDuration":300,"activityDuration":3840,"uncategorizedDuration":60,"totalDuration":4200,"highDuration":300},{"type":"ASLEEP","averageStressLevel":-2,"averageStressLevelIntensity":-2}]},"bodyBattery":{"userProfilePK":121376460,"calendarDate":"2024-04-30","chargedValue":0,"drainedValue":18,"bodyBatteryVersion":2.0,"bodyBatteryStatList":[{"bodyBatteryStatType":"HIGHEST","statsValue":40,"bodyBatteryStatus":"RESET","statTimestamp":"2024-04-30T14:28:00.0"},{"bodyBatteryStatType":"LOWEST","statsValue":22,"bodyBatteryStatus":"MEASURED","statTimestamp":"2024-04-30T15:15:00.0"},{"bodyBatteryStatType":"MOSTRECENT","statsValue":22,"bodyBatteryStatus":"MEASURED","statTimestamp":"2024-04-30T15:40:00.0"},{"bodyBatteryStatType":"ENDOFDAY","statsValue":22,"bodyBatteryStatus":"MEASURED","statTimestamp":"2024-04-30T15:40:00.0"},{"bodyBatteryStatType":"STARTOFDAY","statsValue":40,"bodyBatteryStatus":"RESET","statTimestamp":"2024-04-30T14:28:00.0"}]},"minAvgHeartRate":72,"maxAvgHeartRate":185,"version":67200000,"respiration":{"userProfilePK":121376460,"calendarDate":"2024-04-30","avgWakingRespirationValue":15.0,"highestRespirationValue":18.0,"lowestRespirationValue":13.0,"latestRespirationValue":18.0,"latestRespirationTimeGMT":"2024-04-30T14:54:00.0"}},{"userProfilePK":121376460,"calendarDate":"2024-05-03","uuid":"fee0c71fdcf64d34a57b13e608757575","durationInMilliseconds":72960000,"totalKilocalories":2565.0,"activeKilocalories":340.0,"bmrKilocalories":2225.0,"wellnessKilocalories":2565.0,"remainingKilocalories":2565.0,"wellnessTotalKilocalories":2565.0,"wellnessActiveKilocalories":340.0,"totalSteps":4770,"dailyStepGoal":11120,"totalDistanceMeters":5195,"wellnessDistanceMeters":5195,"wellnessStartTimeGmt":"2024-05-02T21:00:00.0","wellnessEndTimeGmt":"2024-05-03T17:16:00.0","wellnessStartTimeLocal":"2024-05-03T00:00:00.0","wellnessEndTimeLocal":"2024-05-03T20:16:00.0","highlyActiveSeconds":2175,"activeSeconds":879,"moderateIntensityMinutes":9,"vigorousIntensityMinutes":16,"isVigorousDay":true,"userIntensityMinutesGoal":150,"userFloorsAscendedGoal":10,"minHeartRate":65,"maxHeartRate":182,"restingHeartRate":89,"currentDayRestingHeartRate":84,"restingHeartRateTimestamp":1714756560000,"includesWellnessData":true,"includesActivityData":false,"includesCalorieConsumedData":false,"includesSingleMeasurement":false,"includesContinuousMeasurement":false,"includesAllDayPulseOx":false,"includesSleepPulseOx":false,"source":0,"allDayStress":{"userProfilePK":121376460,"calendarDate":"2024-05-03","aggregatorList":[{"type":"TOTAL","averageStressLevel":53,"averageStressLevelIntensity":50,"maxStressLevel":80,"stressIntensityCount":83,"stressOffWristCount":5,"stressTooActiveCount":201,"totalStressCount":289,"totalStressIntensity":-2849,"stressDuration":4560,"restDuration":420,"activityDuration":12060,"uncategorizedDuration":300,"totalDuration":17340,"lowDuration":1200,"mediumDuration":3240,"highDuration":120},{"type":"AWAKE","averageStressLevel":53,"averageStressLevelIntensity":50,"maxStressLevel":80,"stressIntensityCount":83,"stressOffWristCount":5,"stressTooActiveCount":201,"totalStressCount":289,"totalStressIntensity":-2849,"stressDuration":4560,"restDuration":420,"activityDuration":12060,"uncategorizedDuration":300,"totalDuration":17340,"lowDuration":1200,"mediumDuration":3240,"highDuration":120},{"type":"ASLEEP","averageStressLevel":-2,"averageStressLevelIntensity":-2}]},"bodyBattery":{"userProfilePK":121376460,"calendarDate":"2024-05-03","chargedValue":1,"drainedValue":22,"bodyBatteryVersion":2.0,"bodyBatteryStatList":[{"bodyBatteryStatType":"HIGHEST","statsValue":50,"bodyBatteryStatus":"MEASURED","statTimestamp":"2024-05-03T12:16:00.0"},{"bodyBatteryStatType":"LOWEST","statsValue":28,"bodyBatteryStatus":"MEASURED","statTimestamp":"2024-05-03T16:19:00.0"},{"bodyBatteryStatType":"MOSTRECENT","statsValue":28,"bodyBatteryStatus":"MEASURED","statTimestamp":"2024-05-03T17:16:00.0"},{"bodyBatteryStatType":"ENDOFDAY","statsValue":28,"bodyBatteryStatus":"MEASURED","statTimestamp":"2024-05-03T17:16:00.0"},{"bodyBatteryStatType":"STARTOFDAY","statsValue":49,"bodyBatteryStatus":"RESET","statTimestamp":"2024-05-03T12:08:00.0"}]},"minAvgHeartRate":67,"maxAvgHeartRate":182,"version":72960000,"respiration":{"userProfilePK":121376460,"calendarDate":"2024-05-03","avgWakingRespirationValue":16.0,"highestRespirationValue":20.0,"lowestRespirationValue":13.0,"latestRespirationValue":18.0,"latestRespirationTimeGMT":"2024-05-03T17:16:00.0"}},{"userProfilePK":121376460,"calendarDate":"2024-05-04","uuid":"a9ee46ad5ccd467e8b324cdcd02b58d3","durationInMilliseconds":42900000,"totalKilocalories":1320.0,"activeKilocalories":12.0,"bmrKilocalories":1308.0,"wellnessKilocalories":1320.0,"remainingKilocalories":1320.0,"wellnessTotalKilocalories":1320.0,"wellnessActiveKilocalories":12.0,"totalSteps":60,"dailyStepGoal":11120,"totalDistanceMeters":52,"wellnessDistanceMeters":52,"wellnessStartTimeGmt":"2024-05-03T21:00:00.0","wellnessEndTimeGmt":"2024-05-04T08:55:00.0","wellnessStartTimeLocal":"2024-05-04T00:00:00.0","wellnessEndTimeLocal":"2024-05-04T11:55:00.0","highlyActiveSeconds":60,"activeSeconds":240,"moderateIntensityMinutes":0,"vigorousIntensityMinutes":0,"isVigorousDay":false,"userIntensityMinutesGoal":150,"userFloorsAscendedGoal":10,"minHeartRate":54,"maxHeartRate":109,"restingHeartRate":80,"currentDayRestingHeartRate":57,"restingHeartRateTimestamp":1714812900000,"includesWellnessData":true,"includesActivityData":false,"includesCalorieConsumedData":false,"includesSingleMeasurement":false,"includesContinuousMeasurement":false,"includesAllDayPulseOx":false,"includesSleepPulseOx":false,"source":0,"allDayStress":{"userProfilePK":121376460,"calendarDate":"2024-05-04","aggregatorList":[{"type":"TOTAL","averageStressLevel":19,"averageStressLevelIntensity":18,"maxStressLevel":92,"stressIntensityCount":476,"stressOffWristCount":70,"stressTooActiveCount":1,"totalStressCount":547,"totalStressIntensity":14184,"stressDuration":1860,"restDuration":26700,"activityDuration":60,"uncategorizedDuration":4200,"totalDuration":32820,"lowDuration":780,"mediumDuration":600,"highDuration":480},{"type":"AWAKE","averageStressLevel":21,"averageStressLevelIntensity":17,"maxStressLevel":92,"stressIntensityCount":130,"stressOffWristCount":9,"stressTooActiveCount":1,"totalStressCount":140,"totalStressIntensity":4540,"stressDuration":1440,"restDuration":6360,"activityDuration":60,"uncategorizedDuration":540,"totalDuration":8400,"lowDuration":360,"mediumDuration":600,"highDuration":480},{"type":"ASLEEP","averageStressLevel":18,"averageStressLevelIntensity":18,"maxStressLevel":48,"stressIntensityCount":346,"stressOffWristCount":61,"totalStressCount":407,"totalStressIntensity":9644,"stressDuration":420,"restDuration":20340,"uncategorizedDuration":3660,"totalDuration":24420,"lowDuration":420}]},"bodyBattery":{"userProfilePK":121376460,"calendarDate":"2024-05-04","chargedValue":45,"drainedValue":5,"bodyBatteryVersion":2.0,"bodyBatteryStatList":[{"bodyBatteryStatType":"HIGHEST","statsValue":87,"bodyBatteryStatus":"MEASURED","statTimestamp":"2024-05-04T08:43:00.0"},{"bodyBatteryStatType":"LOWEST","statsValue":46,"bodyBatteryStatus":"MEASURED","statTimestamp":"2024-05-03T23:55:00.0"},{"bodyBatteryStatType":"MOSTRECENT","statsValue":87,"bodyBatteryStatus":"MEASURED","statTimestamp":"2024-05-04T08:55:00.0"},{"bodyBatteryStatType":"ENDOFDAY","statsValue":87,"bodyBatteryStatus":"MEASURED","statTimestamp":"2024-05-04T08:55:00.0"},{"bodyBatteryStatType":"STARTOFDAY","statsValue":47,"bodyBatteryStatus":"RESET","statTimestamp":"2024-05-03T23:49:00.0"},{"bodyBatteryStatType":"DURINGSLEEP","statsValue":33,"bodyBatteryStatus":"MEASURED","statTimestamp":"2024-05-04T08:32:00.0"}]},"minAvgHeartRate":55,"maxAvgHeartRate":101,"version":42900000,"respiration":{"userProfilePK":121376460,"calendarDate":"2024-05-04","avgWakingRespirationValue":14.0,"highestRespirationValue":19.0,"lowestRespirationValue":12.0,"latestRespirationValue":14.0,"latestRespirationTimeGMT":"2024-05-04T08:55:00.0"}}]