[{"userProfilePK":121376460,"calendarDate":"2024-06-24","deviceId":3464461138,"timestamp":"2024-06-24T20:38:29.0","raceTime5K":2139,"raceTime10K":4838,"raceTimeHalf":12219,"raceTimeMarathon":27950},{"userProfilePK":121376460,"calendarDate":"2024-06-25","deviceId":3464461138,"timestamp":"2024-06-24T21:04:29.0","raceTime5K":2139,"raceTime10K":4838,"raceTimeHalf":12219,"raceTimeMarathon":27950},{"userProfilePK":121376460,"calendarDate":"2024-06-26","deviceId":3464461138,"timestamp":"2024-06-25T22:23:43.0","raceTime5K":2057,"raceTime10K":4630,"raceTimeHalf":11766,"raceTimeMarathon":27044},{"userProfilePK":121376460,"calendarDate":"2024-06-30","deviceId":3464461138,"timestamp":"2024-06-30T19:16:48.0","raceTime5K":2120,"raceTime10K":4788,"raceTimeHalf":12121,"raceTimeMarathon":27735},{"userProfilePK":121376460,"calendarDate":"2024-07-07","deviceId":3464461138,"timestamp":"2024-07-07T19:31:50.0","raceTime5K":2120,"raceTime10K":4788,"raceTimeHalf":12121,"raceTimeMarathon":27735},{"userProfilePK":121376460,"calendarDate":"2024-07-08","deviceId":3464461138,"timestamp":"2024-07-07T21:02:51.0","raceTime5K":1986,"raceTime10K":4449,"raceTimeHalf":11149,"raceTimeMarathon":26194},{"userProfilePK":121376460,"calendarDate":"2024-07-13","deviceId":3464461138,"timestamp":"2024-07-13T18:57:27.0","raceTime5K":1934,"raceTime10K":4321,"raceTimeHalf":10730,"raceTimeMarathon":25550},{"userProfilePK":121376460,"calendarDate":"2024-07-14","deviceId":3464461138,"timestamp":"2024-07-13T21:03:28.0","raceTime5K":1934,"raceTime10K":4321,"raceTimeHalf":10730,"raceTimeMarathon":25550},{"userProfilePK":121376460,"calendarDate":"2024-07-28","deviceId":3464461138,"timestamp":"2024-07-28T17:32:36.0","raceTime5K":1934,"raceTime10K":4321,"raceTimeHalf":10730,"raceTimeMarathon":25550},{"userProfilePK":121376460,"calendarDate":"2024-08-18","deviceId":3464461138,"timestamp":"2024-08-18T16:07:54.0","raceTime5K":1928,"raceTime10K":4304,"raceTimeHalf":10678,"raceTimeMarathon":25472},{"userProfilePK":121376460,"calendarDate":"2024-09-10","deviceId":3464461138,"timestamp":"2024-09-10T18:56:36.0","raceTime5K":1934,"raceTime10K":4321,"raceTimeHalf":10733,"raceTimeMarathon":25559},{"userProfilePK":121376460,"calendarDate":"2025-05-14","deviceId":3464461138,"timestamp":"2025-05-13T22:41:59.0","raceTime5K":1841,"raceTime10K":4098,"raceTimeHalf":10047,"raceTimeMarathon":24218}]